id,sender_id,chat_id,content,created_at
1,15,group-design,Thanks for the update!,2026-07-01 17:27:00.000000
2,7,dm-general,Can you review my PR?,2026-07-01 18:50:00.000000
3,35,group-design,Let's connect later.,2026-07-01 20:37:00.000000
4,46,group-design,"Sure, I'll complete it today.",2026-07-01 19:30:00.000000
5,42,group-design,"Sounds good, checking now.",2026-07-01 19:58:00.000000
6,33,group-design,"I'm good, working on the messenger project.",2026-07-01 12:13:00.000000
7,33,group-project,"Okay, sounds good.",2026-07-01 20:59:00.000000
8,36,group-design,"Sure, I'll complete it today.",2026-07-01 12:36:00.000000
9,26,group-project,Can you review my PR?,2026-07-01 21:50:00.000000
10,26,dm-general,No problem 👍,2026-07-01 22:54:00.000000
11,40,group-project,"I'm good, working on the messenger project.",2026-07-01 08:29:00.000000
12,36,group-design,"Yep, see you then.",2026-07-01 17:46:00.000000
13,48,group-design,Meeting at 5?,2026-07-01 22:46:00.000000
14,41,group-project,Great! Don't forget to add file sharing feature.,2026-07-01 13:06:00.000000
15,14,group-design,No problem 👍,2026-07-01 17:23:00.000000
16,25,dm-general,No problem 👍,2026-07-01 09:23:00.000000
17,9,group-project,Let's connect later.,2026-07-01 21:59:00.000000
18,38,group-design,Hey! How are you?,2026-07-01 13:02:00.000000
19,24,dm-general,Great! Don't forget to add file sharing feature.,2026-07-01 21:12:00.000000
20,48,dm-general,"Yep, see you then.",2026-07-01 11:55:00.000000
21,34,group-project,No problem 👍,2026-07-01 08:47:00.000000
22,38,group-design,Can you review my PR?,2026-07-01 18:44:00.000000
23,26,group-project,"Okay, sounds good.",2026-07-01 12:50:00.000000
24,29,group-design,Great! Don't forget to add file sharing feature.,2026-07-01 11:27:00.000000
25,32,group-project,Thanks for the update!,2026-07-01 12:13:00.000000
26,26,group-project,Let's connect later.,2026-07-01 21:55:00.000000
27,40,group-design,"Okay, sounds good.",2026-07-01 19:22:00.000000
28,46,group-design,Thanks for the update!,2026-07-01 14:03:00.000000
29,6,group-design,Great! Don't forget to add file sharing feature.,2026-07-01 18:46:00.000000
30,20,group-project,Let's connect later.,2026-07-01 07:28:00.000000
31,29,dm-general,Great! Don't forget to add file sharing feature.,2026-07-01 15:39:00.000000
32,8,dm-general,"Yep, see you then.",2026-07-01 14:13:00.000000
33,14,group-design,Thanks for the update!,2026-07-01 08:34:00.000000
34,43,group-design,Let's connect later.,2026-07-01 15:26:00.000000
35,24,group-design,Let's connect later.,2026-07-01 11:57:00.000000
36,11,dm-general,"I'm good, working on the messenger project.",2026-07-01 17:48:00.000000
37,28,group-design,"Sounds good, checking now.",2026-07-01 11:45:00.000000
38,17,group-design,"Okay, sounds good.",2026-07-01 15:13:00.000000
39,11,dm-general,No problem 👍,2026-07-01 15:46:00.000000
40,34,dm-general,Great! Don't forget to add file sharing feature.,2026-07-01 22:11:00.000000
41,17,group-design,No problem 👍,2026-07-01 22:49:00.000000
42,29,group-design,"Okay, sounds good.",2026-07-01 15:35:00.000000
43,41,group-design,Great! Don't forget to add file sharing feature.,2026-07-01 11:05:00.000000
44,48,group-design,"Okay, sounds good.",2026-07-01 14:11:00.000000
45,16,group-project,Thanks for the update!,2026-07-01 14:09:00.000000
46,18,group-project,"I'm good, working on the messenger project.",2026-07-01 16:38:00.000000
47,3,dm-general,Can you review my PR?,2026-07-01 21:37:00.000000
48,11,dm-general,"Okay, sounds good.",2026-07-02 13:58:00.000000
49,21,group-design,No problem 👍,2026-07-02 12:53:00.000000
50,2,group-project,Great! Don't forget to add file sharing feature.,2026-07-02 17:43:00.000000
51,36,group-project,Let's connect later.,2026-07-02 19:11:00.000000
52,36,group-project,Thanks for the update!,2026-07-02 18:32:00.000000
53,28,dm-general,"Sure, I'll complete it today.",2026-07-02 16:47:00.000000
54,21,group-design,Meeting at 5?,2026-07-02 13:59:00.000000
55,43,dm-general,"Sure, I'll complete it today.",2026-07-02 12:05:00.000000
56,42,dm-general,"Yep, see you then.",2026-07-02 11:29:00.000000
57,22,dm-general,Can you review my PR?,2026-07-02 09:24:00.000000
58,17,group-design,"Yep, see you then.",2026-07-02 20:02:00.000000
59,23,group-design,No problem 👍,2026-07-02 12:09:00.000000
60,22,dm-general,"Sure, I'll complete it today.",2026-07-02 22:38:00.000000
61,33,dm-general,Thanks for the update!,2026-07-02 19:37:00.000000
62,19,dm-general,"I'm good, working on the messenger project.",2026-07-02 11:34:00.000000
63,28,group-project,Hey! How are you?,2026-07-02 13:02:00.000000
64,26,group-project,Thanks for the update!,2026-07-02 15:58:00.000000
65,28,group-project,Great! Don't forget to add file sharing feature.,2026-07-02 20:42:00.000000
66,44,group-design,Hey! How are you?,2026-07-02 19:15:00.000000
67,31,group-project,Can you review my PR?,2026-07-02 07:10:00.000000
68,4,group-design,Can you review my PR?,2026-07-02 21:35:00.000000
69,19,group-project,Great! Don't forget to add file sharing feature.,2026-07-02 13:41:00.000000
70,22,dm-general,"Yep, see you then.",2026-07-02 22:05:00.000000
71,17,group-design,Thanks for the update!,2026-07-02 13:42:00.000000
72,6,dm-general,Great! Don't forget to add file sharing feature.,2026-07-02 13:33:00.000000
73,7,dm-general,"Sounds good, checking now.",2026-07-02 16:16:00.000000
74,36,group-design,"Sure, I'll complete it today.",2026-07-02 11:49:00.000000
75,10,group-design,Can you review my PR?,2026-07-02 15:39:00.000000
76,38,group-project,Thanks for the update!,2026-07-02 15:13:00.000000
77,17,group-design,"Sounds good, checking now.",2026-07-02 16:41:00.000000
78,34,dm-general,Meeting at 5?,2026-07-02 19:09:00.000000
79,43,dm-general,"Yep, see you then.",2026-07-02 07:48:00.000000
80,12,group-design,"Okay, sounds good.",2026-07-02 07:06:00.000000
81,32,dm-general,Thanks for the update!,2026-07-02 11:02:00.000000
82,50,dm-general,Great! Don't forget to add file sharing feature.,2026-07-02 08:04:00.000000
83,9,group-design,"Okay, sounds good.",2026-07-02 16:52:00.000000
84,7,group-design,"Sounds good, checking now.",2026-07-03 12:26:00.000000
85,24,group-design,"I'm good, working on the messenger project.",2026-07-03 17:00:00.000000
86,8,group-design,Hey! How are you?,2026-07-03 09:08:00.000000
87,13,group-design,"I'm good, working on the messenger project.",2026-07-03 18:34:00.000000
88,39,dm-general,Can you review my PR?,2026-07-03 15:59:00.000000
89,3,group-design,"Sure, I'll complete it today.",2026-07-03 11:50:00.000000
90,47,group-project,"I'm good, working on the messenger project.",2026-07-03 09:17:00.000000
91,48,dm-general,"Okay, sounds good.",2026-07-03 15:47:00.000000
92,40,dm-general,Meeting at 5?,2026-07-03 07:07:00.000000
93,7,group-project,No problem 👍,2026-07-03 12:12:00.000000
94,1,dm-general,No problem 👍,2026-07-03 17:12:00.000000
95,8,dm-general,Hey! How are you?,2026-07-03 16:09:00.000000
96,35,group-design,Meeting at 5?,2026-07-03 17:07:00.000000
97,3,group-design,Let's connect later.,2026-07-03 18:37:00.000000
98,40,group-design,No problem 👍,2026-07-03 16:58:00.000000
99,13,dm-general,"Sure, I'll complete it today.",2026-07-03 08:17:00.000000
100,3,dm-general,Meeting at 5?,2026-07-03 08:13:00.000000
101,30,group-project,Thanks for the update!,2026-07-03 11:02:00.000000
102,13,dm-general,No problem 👍,2026-07-03 13:54:00.000000
103,16,group-project,No problem 👍,2026-07-03 15:36:00.000000
104,41,group-project,Great! Don't forget to add file sharing feature.,2026-07-03 16:50:00.000000
105,34,group-project,Can you review my PR?,2026-07-03 07:36:00.000000
106,36,group-design,"Sounds good, checking now.",2026-07-03 15:58:00.000000
107,45,group-project,Let's connect later.,2026-07-03 11:28:00.000000
108,50,dm-general,Great! Don't forget to add file sharing feature.,2026-07-03 08:01:00.000000
109,27,dm-general,No problem 👍,2026-07-03 13:12:00.000000
110,27,group-design,"Sure, I'll complete it today.",2026-07-03 21:02:00.000000
111,11,group-design,No problem 👍,2026-07-03 22:19:00.000000
112,49,dm-general,No problem 👍,2026-07-03 17:59:00.000000
113,24,group-project,Hey! How are you?,2026-07-03 20:22:00.000000
114,39,group-design,Can you review my PR?,2026-07-03 11:40:00.000000
115,30,group-design,"Sounds good, checking now.",2026-07-03 12:13:00.000000
116,17,dm-general,Let's connect later.,2026-07-03 07:13:00.000000
117,33,group-project,"Yep, see you then.",2026-07-03 12:54:00.000000
118,3,dm-general,"Sounds good, checking now.",2026-07-03 11:12:00.000000
119,10,dm-general,Thanks for the update!,2026-07-03 07:54:00.000000
120,19,group-design,"Yep, see you then.",2026-07-03 09:04:00.000000
121,22,group-project,"Sure, I'll complete it today.",2026-07-03 16:07:00.000000
122,15,group-design,No problem 👍,2026-07-03 07:46:00.000000
123,39,dm-general,Can you review my PR?,2026-07-03 10:55:00.000000
124,4,group-design,Let's connect later.,2026-07-03 12:18:00.000000
125,4,dm-general,"Sounds good, checking now.",2026-07-04 21:18:00.000000
126,8,dm-general,"I'm good, working on the messenger project.",2026-07-04 17:20:00.000000
127,42,dm-general,"I'm good, working on the messenger project.",2026-07-04 21:28:00.000000
128,41,group-design,Thanks for the update!,2026-07-04 10:40:00.000000
129,17,group-design,"Sounds good, checking now.",2026-07-04 11:49:00.000000
130,20,dm-general,Let's connect later.,2026-07-04 10:17:00.000000
131,37,group-design,Let's connect later.,2026-07-04 20:39:00.000000
132,24,group-project,"Sounds good, checking now.",2026-07-04 14:30:00.000000
133,21,group-design,Great! Don't forget to add file sharing feature.,2026-07-04 12:18:00.000000
134,18,dm-general,No problem 👍,2026-07-04 17:52:00.000000
135,16,dm-general,"I'm good, working on the messenger project.",2026-07-04 09:15:00.000000
136,37,group-project,Thanks for the update!,2026-07-04 12:47:00.000000
137,38,group-design,Meeting at 5?,2026-07-04 07:31:00.000000
138,40,group-design,"Okay, sounds good.",2026-07-04 07:12:00.000000
139,5,dm-general,"Yep, see you then.",2026-07-04 16:59:00.000000
140,24,group-design,Thanks for the update!,2026-07-04 16:09:00.000000
141,49,dm-general,Meeting at 5?,2026-07-04 18:17:00.000000
142,42,dm-general,No problem 👍,2026-07-04 12:11:00.000000
143,24,group-project,Hey! How are you?,2026-07-04 15:35:00.000000
144,32,dm-general,"Sure, I'll complete it today.",2026-07-04 18:02:00.000000
145,23,group-design,No problem 👍,2026-07-04 13:37:00.000000
146,43,dm-general,No problem 👍,2026-07-04 08:06:00.000000
147,32,group-design,"Yep, see you then.",2026-07-04 20:52:00.000000
148,43,dm-general,"Sure, I'll complete it today.",2026-07-04 13:29:00.000000
149,15,group-project,Thanks for the update!,2026-07-04 10:08:00.000000
150,23,dm-general,Great! Don't forget to add file sharing feature.,2026-07-04 20:07:00.000000
151,23,group-project,Meeting at 5?,2026-07-04 11:55:00.000000
152,36,group-project,No problem 👍,2026-07-04 10:20:00.000000
153,15,group-design,"Yep, see you then.",2026-07-04 20:11:00.000000
154,36,dm-general,Let's connect later.,2026-07-04 12:30:00.000000
155,11,group-design,Meeting at 5?,2026-07-04 16:34:00.000000
156,25,dm-general,"Okay, sounds good.",2026-07-04 14:08:00.000000
157,12,group-design,No problem 👍,2026-07-04 20:36:00.000000
158,17,group-design,"Sure, I'll complete it today.",2026-07-04 08:54:00.000000
159,36,group-project,"Sure, I'll complete it today.",2026-07-05 09:57:00.000000
160,46,group-design,Can you review my PR?,2026-07-05 20:04:00.000000
161,49,dm-general,Thanks for the update!,2026-07-05 11:44:00.000000
162,20,dm-general,"Yep, see you then.",2026-07-05 21:52:00.000000
163,10,group-design,"I'm good, working on the messenger project.",2026-07-05 14:59:00.000000
164,28,dm-general,"Yep, see you then.",2026-07-05 11:53:00.000000
165,8,group-project,Hey! How are you?,2026-07-05 12:51:00.000000
166,4,group-project,Meeting at 5?,2026-07-05 21:23:00.000000
167,22,group-design,Can you review my PR?,2026-07-05 08:31:00.000000
168,28,dm-general,Let's connect later.,2026-07-05 18:13:00.000000
169,22,group-project,"I'm good, working on the messenger project.",2026-07-05 07:07:00.000000
170,29,group-design,"Yep, see you then.",2026-07-05 10:13:00.000000
171,34,group-design,"Okay, sounds good.",2026-07-05 16:48:00.000000
172,22,group-design,Meeting at 5?,2026-07-05 10:16:00.000000
173,9,group-design,"I'm good, working on the messenger project.",2026-07-05 17:13:00.000000
174,35,dm-general,"Okay, sounds good.",2026-07-05 10:18:00.000000
175,9,group-design,Let's connect later.,2026-07-05 09:30:00.000000
176,5,group-design,Thanks for the update!,2026-07-05 16:01:00.000000
177,38,group-project,No problem 👍,2026-07-05 18:44:00.000000
178,9,dm-general,"Sure, I'll complete it today.",2026-07-05 18:35:00.000000
179,24,group-project,Thanks for the update!,2026-07-05 11:20:00.000000
180,35,group-design,Can you review my PR?,2026-07-05 13:03:00.000000
181,46,group-design,Hey! How are you?,2026-07-05 19:54:00.000000
182,21,dm-general,No problem 👍,2026-07-05 21:16:00.000000
183,48,dm-general,Can you review my PR?,2026-07-05 17:38:00.000000
184,12,dm-general,Hey! How are you?,2026-07-05 10:17:00.000000
185,6,dm-general,"Okay, sounds good.",2026-07-05 16:15:00.000000
186,49,dm-general,No problem 👍,2026-07-05 11:22:00.000000
187,32,dm-general,Thanks for the update!,2026-07-05 21:28:00.000000
188,13,group-design,No problem 👍,2026-07-05 16:56:00.000000
189,43,group-project,"Okay, sounds good.",2026-07-05 10:36:00.000000
190,32,group-design,"Sure, I'll complete it today.",2026-07-05 22:47:00.000000
191,48,dm-general,Hey! How are you?,2026-07-05 08:54:00.000000
192,33,group-design,Let's connect later.,2026-07-05 19:13:00.000000
193,9,group-design,"Sure, I'll complete it today.",2026-07-05 07:54:00.000000
194,25,group-project,Can you review my PR?,2026-07-05 13:14:00.000000
195,24,group-design,Can you review my PR?,2026-07-05 14:54:00.000000
196,29,dm-general,Meeting at 5?,2026-07-06 13:15:00.000000
197,50,group-design,"I'm good, working on the messenger project.",2026-07-06 19:11:00.000000
198,30,dm-general,Can you review my PR?,2026-07-06 19:50:00.000000
199,3,dm-general,"Sure, I'll complete it today.",2026-07-06 17:27:00.000000
200,39,dm-general,"I'm good, working on the messenger project.",2026-07-06 22:50:00.000000
201,5,dm-general,Hey! How are you?,2026-07-06 21:08:00.000000
202,12,group-project,Hey! How are you?,2026-07-06 17:22:00.000000
203,1,group-project,Thanks for the update!,2026-07-06 15:42:00.000000
204,18,group-design,"Okay, sounds good.",2026-07-06 10:28:00.000000
205,34,dm-general,Let's connect later.,2026-07-06 07:08:00.000000
206,46,group-design,Let's connect later.,2026-07-06 18:01:00.000000
207,19,group-project,Can you review my PR?,2026-07-06 07:58:00.000000
208,25,group-design,Hey! How are you?,2026-07-06 07:25:00.000000
209,36,group-design,"Yep, see you then.",2026-07-06 10:39:00.000000
210,19,group-project,"I'm good, working on the messenger project.",2026-07-06 14:21:00.000000
211,12,group-project,Let's connect later.,2026-07-06 11:55:00.000000
212,6,group-design,"Yep, see you then.",2026-07-06 17:52:00.000000
213,31,group-design,"Sure, I'll complete it today.",2026-07-06 09:09:00.000000
214,13,dm-general,"Okay, sounds good.",2026-07-06 21:39:00.000000
215,30,dm-general,Thanks for the update!,2026-07-06 18:08:00.000000
216,5,group-design,Hey! How are you?,2026-07-06 07:37:00.000000
217,31,dm-general,No problem 👍,2026-07-06 13:02:00.000000
218,46,group-project,"Sounds good, checking now.",2026-07-06 08:11:00.000000
219,38,group-design,"Yep, see you then.",2026-07-06 18:21:00.000000
220,26,group-design,"Okay, sounds good.",2026-07-06 12:43:00.000000
221,34,group-design,"Sounds good, checking now.",2026-07-06 08:52:00.000000
222,47,dm-general,"Sounds good, checking now.",2026-07-06 08:43:00.000000
223,4,group-design,"Yep, see you then.",2026-07-06 15:15:00.000000
224,37,group-project,Great! Don't forget to add file sharing feature.,2026-07-06 08:20:00.000000
225,47,dm-general,"I'm good, working on the messenger project.",2026-07-06 16:02:00.000000
226,47,dm-general,Thanks for the update!,2026-07-06 17:14:00.000000
227,16,group-design,"I'm good, working on the messenger project.",2026-07-06 07:42:00.000000
228,50,group-design,"Yep, see you then.",2026-07-06 18:44:00.000000
229,26,group-design,"I'm good, working on the messenger project.",2026-07-06 22:09:00.000000
230,1,group-design,Let's connect later.,2026-07-06 17:55:00.000000
231,4,group-project,Great! Don't forget to add file sharing feature.,2026-07-06 19:13:00.000000
232,4,group-project,Great! Don't forget to add file sharing feature.,2026-07-06 11:36:00.000000
233,23,group-design,No problem 👍,2026-07-06 18:19:00.000000
234,13,group-project,"Yep, see you then.",2026-07-06 22:33:00.000000
235,6,group-design,"Yep, see you then.",2026-07-06 15:34:00.000000
236,2,dm-general,"Yep, see you then.",2026-07-06 22:23:00.000000
237,39,dm-general,"Yep, see you then.",2026-07-06 14:53:00.000000
238,39,dm-general,Let's connect later.,2026-07-06 15:25:00.000000
239,5,dm-general,No problem 👍,2026-07-06 12:49:00.000000
240,4,dm-general,Let's connect later.,2026-07-06 14:27:00.000000
241,22,group-design,"I'm good, working on the messenger project.",2026-07-06 18:53:00.000000
242,46,group-project,Great! Don't forget to add file sharing feature.,2026-07-06 20:05:00.000000
243,45,group-project,"Yep, see you then.",2026-07-06 16:30:00.000000
244,23,group-design,Can you review my PR?,2026-07-06 16:09:00.000000
245,43,group-project,Thanks for the update!,2026-07-06 14:38:00.000000
246,37,dm-general,Great! Don't forget to add file sharing feature.,2026-07-06 10:47:00.000000
247,45,dm-general,Meeting at 5?,2026-07-07 18:39:00.000000
248,42,dm-general,Thanks for the update!,2026-07-07 07:33:00.000000
249,2,group-design,No problem 👍,2026-07-07 12:02:00.000000
250,28,group-design,"Sounds good, checking now.",2026-07-07 16:31:00.000000
251,15,group-design,"Yep, see you then.",2026-07-07 18:53:00.000000
252,26,group-design,Can you review my PR?,2026-07-07 22:18:00.000000
253,10,dm-general,"I'm good, working on the messenger project.",2026-07-07 13:21:00.000000
254,40,dm-general,"Sounds good, checking now.",2026-07-07 21:05:00.000000
255,29,group-project,"Sounds good, checking now.",2026-07-07 19:20:00.000000
256,22,group-project,Great! Don't forget to add file sharing feature.,2026-07-07 15:27:00.000000
257,25,group-design,Meeting at 5?,2026-07-07 18:44:00.000000
258,11,dm-general,"Sure, I'll complete it today.",2026-07-07 09:20:00.000000
259,45,dm-general,Meeting at 5?,2026-07-07 13:48:00.000000
260,45,dm-general,Can you review my PR?,2026-07-07 09:32:00.000000
261,16,group-design,Great! Don't forget to add file sharing feature.,2026-07-07 07:43:00.000000
262,16,group-project,Can you review my PR?,2026-07-07 16:51:00.000000
263,6,group-design,Let's connect later.,2026-07-07 15:00:00.000000
264,39,group-design,Let's connect later.,2026-07-07 22:08:00.000000
265,4,group-project,"Sounds good, checking now.",2026-07-07 17:13:00.000000
266,26,dm-general,Hey! How are you?,2026-07-07 09:47:00.000000
267,15,group-design,Great! Don't forget to add file sharing feature.,2026-07-07 09:43:00.000000
268,49,dm-general,"I'm good, working on the messenger project.",2026-07-07 20:15:00.000000
269,40,group-design,"Sure, I'll complete it today.",2026-07-07 08:00:00.000000
270,43,dm-general,"Yep, see you then.",2026-07-07 22:36:00.000000
271,34,dm-general,Meeting at 5?,2026-07-07 07:37:00.000000
272,6,group-project,"Okay, sounds good.",2026-07-07 07:53:00.000000
273,14,dm-general,"Okay, sounds good.",2026-07-07 10:54:00.000000
274,7,dm-general,Hey! How are you?,2026-07-07 19:48:00.000000
275,34,group-design,"Okay, sounds good.",2026-07-07 21:15:00.000000
276,26,group-project,Let's connect later.,2026-07-07 15:17:00.000000
277,7,group-design,No problem 👍,2026-07-07 14:06:00.000000
278,31,group-project,"Okay, sounds good.",2026-07-07 07:35:00.000000
279,4,group-design,Thanks for the update!,2026-07-07 16:12:00.000000
280,48,group-project,Can you review my PR?,2026-07-07 12:57:00.000000
281,35,group-project,Hey! How are you?,2026-07-07 17:49:00.000000
282,13,group-design,"I'm good, working on the messenger project.",2026-07-07 18:00:00.000000
283,11,group-project,"Okay, sounds good.",2026-07-07 16:10:00.000000
284,49,group-design,"Okay, sounds good.",2026-07-07 14:39:00.000000
285,27,dm-general,No problem 👍,2026-07-07 18:53:00.000000
286,49,dm-general,Meeting at 5?,2026-07-07 09:14:00.000000
287,1,dm-general,No problem 👍,2026-07-07 09:06:00.000000
288,26,group-design,"Sounds good, checking now.",2026-07-07 22:26:00.000000
289,12,group-design,"Sure, I'll complete it today.",2026-07-07 07:29:00.000000
290,7,group-design,Hey! How are you?,2026-07-07 14:55:00.000000
291,35,dm-general,No problem 👍,2026-07-07 07:48:00.000000
292,47,dm-general,Thanks for the update!,2026-07-07 17:34:00.000000
293,9,group-design,"Sure, I'll complete it today.",2026-07-07 15:37:00.000000
294,40,dm-general,"I'm good, working on the messenger project.",2026-07-07 18:03:00.000000
295,1,group-project,No problem 👍,2026-07-07 17:47:00.000000
296,5,group-design,Let's connect later.,2026-07-07 20:23:00.000000
297,8,group-design,Thanks for the update!,2026-07-07 17:57:00.000000
298,17,dm-general,Let's connect later.,2026-07-07 20:48:00.000000
299,19,group-project,Hey! How are you?,2026-07-07 16:23:00.000000
300,9,group-project,"Okay, sounds good.",2026-07-07 13:50:00.000000
301,3,dm-general,"Yep, see you then.",2026-07-07 12:00:00.000000
302,38,dm-general,Let's connect later.,2026-07-07 15:00:00.000000
303,21,dm-general,"I'm good, working on the messenger project.",2026-07-07 19:47:00.000000
304,26,group-project,"Yep, see you then.",2026-07-07 13:14:00.000000
305,3,group-project,"Yep, see you then.",2026-07-07 21:30:00.000000
306,16,group-design,"Sure, I'll complete it today.",2026-07-07 09:14:00.000000
307,5,group-project,Can you review my PR?,2026-07-08 21:40:00.000000
308,27,group-project,Meeting at 5?,2026-07-08 10:08:00.000000
309,15,group-project,Can you review my PR?,2026-07-08 16:50:00.000000
310,35,group-design,"Yep, see you then.",2026-07-08 12:24:00.000000
311,45,group-design,Great! Don't forget to add file sharing feature.,2026-07-08 21:11:00.000000
312,41,group-design,Meeting at 5?,2026-07-08 16:28:00.000000
313,34,group-project,Great! Don't forget to add file sharing feature.,2026-07-08 12:03:00.000000
314,8,dm-general,"Sure, I'll complete it today.",2026-07-08 09:02:00.000000
315,46,dm-general,"Okay, sounds good.",2026-07-08 21:15:00.000000
316,20,group-project,Thanks for the update!,2026-07-08 07:38:00.000000
317,15,group-project,Great! Don't forget to add file sharing feature.,2026-07-08 07:10:00.000000
318,25,group-design,"Sure, I'll complete it today.",2026-07-08 21:56:00.000000
319,15,group-project,"Okay, sounds good.",2026-07-08 12:28:00.000000
320,40,dm-general,No problem 👍,2026-07-08 14:12:00.000000
321,25,group-project,Meeting at 5?,2026-07-08 20:37:00.000000
322,39,group-project,Thanks for the update!,2026-07-08 09:31:00.000000
323,42,group-project,"I'm good, working on the messenger project.",2026-07-08 18:56:00.000000
324,23,dm-general,Let's connect later.,2026-07-08 16:19:00.000000
325,44,group-design,Can you review my PR?,2026-07-08 21:50:00.000000
326,7,dm-general,"I'm good, working on the messenger project.",2026-07-08 18:47:00.000000
327,26,group-project,"Okay, sounds good.",2026-07-08 19:01:00.000000
328,27,group-project,"Okay, sounds good.",2026-07-08 11:18:00.000000
329,33,group-project,Great! Don't forget to add file sharing feature.,2026-07-08 17:05:00.000000
330,50,dm-general,"Yep, see you then.",2026-07-08 19:59:00.000000
331,18,dm-general,"I'm good, working on the messenger project.",2026-07-08 14:52:00.000000
332,33,group-design,"I'm good, working on the messenger project.",2026-07-08 21:21:00.000000
333,5,group-project,"Yep, see you then.",2026-07-08 18:24:00.000000
334,46,group-design,Let's connect later.,2026-07-08 08:00:00.000000
335,29,dm-general,Meeting at 5?,2026-07-08 19:39:00.000000
336,43,group-design,Let's connect later.,2026-07-08 21:27:00.000000
337,22,dm-general,Let's connect later.,2026-07-08 22:30:00.000000
338,6,dm-general,Thanks for the update!,2026-07-08 16:37:00.000000
339,20,dm-general,No problem 👍,2026-07-08 10:27:00.000000
340,31,group-design,Meeting at 5?,2026-07-08 11:57:00.000000
341,22,group-design,Hey! How are you?,2026-07-08 20:28:00.000000
342,24,group-design,Meeting at 5?,2026-07-08 15:22:00.000000
343,22,dm-general,"Sure, I'll complete it today.",2026-07-08 12:02:00.000000
344,19,dm-general,Let's connect later.,2026-07-08 22:19:00.000000
345,44,dm-general,"Sure, I'll complete it today.",2026-07-08 10:51:00.000000
346,10,group-design,Great! Don't forget to add file sharing feature.,2026-07-08 16:50:00.000000
347,4,group-project,Can you review my PR?,2026-07-08 15:52:00.000000
348,41,group-design,Meeting at 5?,2026-07-08 15:40:00.000000
349,32,group-design,Great! Don't forget to add file sharing feature.,2026-07-08 15:47:00.000000
350,43,group-project,"Okay, sounds good.",2026-07-08 12:19:00.000000
351,43,dm-general,"Sounds good, checking now.",2026-07-08 14:09:00.000000
352,1,group-project,Hey! How are you?,2026-07-08 20:11:00.000000
353,2,dm-general,"I'm good, working on the messenger project.",2026-07-08 10:11:00.000000
354,44,group-project,No problem 👍,2026-07-08 16:20:00.000000
355,9,dm-general,Thanks for the update!,2026-07-08 20:35:00.000000
356,17,dm-general,No problem 👍,2026-07-08 09:43:00.000000
357,35,dm-general,"Sure, I'll complete it today.",2026-07-08 08:57:00.000000
358,31,dm-general,No problem 👍,2026-07-08 21:34:00.000000
359,1,group-design,"Sounds good, checking now.",2026-07-08 21:49:00.000000
360,18,group-project,Thanks for the update!,2026-07-08 12:33:00.000000
361,40,group-design,Can you review my PR?,2026-07-08 12:38:00.000000
362,13,group-design,Let's connect later.,2026-07-08 08:38:00.000000
363,30,dm-general,"Sounds good, checking now.",2026-07-08 21:07:00.000000
364,9,group-design,Thanks for the update!,2026-07-08 18:41:00.000000
365,30,group-design,"Sounds good, checking now.",2026-07-08 16:24:00.000000
366,14,dm-general,"I'm good, working on the messenger project.",2026-07-08 18:17:00.000000
367,32,group-design,Meeting at 5?,2026-07-09 15:44:00.000000
368,42,group-project,Great! Don't forget to add file sharing feature.,2026-07-09 15:10:00.000000
369,38,group-design,"Okay, sounds good.",2026-07-09 17:11:00.000000
370,41,group-design,"Sure, I'll complete it today.",2026-07-09 07:02:00.000000
371,23,dm-general,Thanks for the update!,2026-07-09 18:56:00.000000
372,36,group-project,Let's connect later.,2026-07-09 15:55:00.000000
373,31,group-project,Great! Don't forget to add file sharing feature.,2026-07-09 12:16:00.000000
374,41,dm-general,Let's connect later.,2026-07-09 20:54:00.000000
375,29,dm-general,Great! Don't forget to add file sharing feature.,2026-07-09 12:09:00.000000
376,27,group-project,Meeting at 5?,2026-07-09 19:36:00.000000
377,7,group-design,"Sure, I'll complete it today.",2026-07-09 19:22:00.000000
378,4,group-design,"Okay, sounds good.",2026-07-09 14:53:00.000000
379,9,group-project,Thanks for the update!,2026-07-09 20:41:00.000000
380,12,group-project,Let's connect later.,2026-07-09 20:56:00.000000
381,14,dm-general,Let's connect later.,2026-07-09 22:48:00.000000
382,15,group-project,Thanks for the update!,2026-07-09 10:45:00.000000
383,9,group-design,"Sounds good, checking now.",2026-07-09 09:51:00.000000
384,18,group-design,Hey! How are you?,2026-07-09 15:41:00.000000
385,2,group-project,"Sure, I'll complete it today.",2026-07-09 21:37:00.000000
386,34,group-project,Meeting at 5?,2026-07-09 10:22:00.000000
387,31,group-project,Hey! How are you?,2026-07-09 11:37:00.000000
388,21,group-project,Hey! How are you?,2026-07-09 15:04:00.000000
389,31,group-design,"Sounds good, checking now.",2026-07-09 21:56:00.000000
390,35,group-project,Can you review my PR?,2026-07-09 15:20:00.000000
391,5,group-project,"Sure, I'll complete it today.",2026-07-09 15:36:00.000000
392,50,group-design,"Sure, I'll complete it today.",2026-07-09 11:03:00.000000
393,47,group-design,Can you review my PR?,2026-07-09 19:30:00.000000
394,43,group-project,"Okay, sounds good.",2026-07-09 11:10:00.000000
395,18,group-project,Hey! How are you?,2026-07-09 18:47:00.000000
396,3,group-project,Thanks for the update!,2026-07-09 17:23:00.000000
397,23,group-project,No problem 👍,2026-07-09 13:16:00.000000
398,30,group-design,Hey! How are you?,2026-07-09 10:36:00.000000
399,42,group-design,Hey! How are you?,2026-07-09 09:10:00.000000
400,12,group-project,Let's connect later.,2026-07-09 22:54:00.000000
401,12,dm-general,No problem 👍,2026-07-09 22:44:00.000000
402,24,group-project,Hey! How are you?,2026-07-09 17:24:00.000000
403,23,dm-general,"Okay, sounds good.",2026-07-09 12:05:00.000000
404,46,dm-general,Can you review my PR?,2026-07-09 15:04:00.000000
405,44,dm-general,Thanks for the update!,2026-07-09 10:23:00.000000
406,44,group-design,Hey! How are you?,2026-07-09 09:01:00.000000
407,7,dm-general,Can you review my PR?,2026-07-09 11:40:00.000000
408,1,group-project,"Yep, see you then.",2026-07-09 12:14:00.000000
409,45,group-design,"Okay, sounds good.",2026-07-09 22:48:00.000000
410,27,dm-general,"Okay, sounds good.",2026-07-09 10:40:00.000000
411,43,dm-general,"Sure, I'll complete it today.",2026-07-09 08:14:00.000000
412,13,group-design,Meeting at 5?,2026-07-09 14:20:00.000000
413,3,dm-general,Meeting at 5?,2026-07-09 07:47:00.000000
414,10,dm-general,Hey! How are you?,2026-07-09 21:23:00.000000
415,43,group-project,No problem 👍,2026-07-09 07:05:00.000000
416,3,group-project,Great! Don't forget to add file sharing feature.,2026-07-09 08:46:00.000000
417,32,group-project,Hey! How are you?,2026-07-09 07:43:00.000000
418,43,group-design,"Okay, sounds good.",2026-07-09 08:56:00.000000
419,41,group-design,Hey! How are you?,2026-07-09 20:59:00.000000
420,30,group-project,Meeting at 5?,2026-07-09 11:15:00.000000
421,6,dm-general,Meeting at 5?,2026-07-10 16:59:00.000000
422,28,dm-general,Thanks for the update!,2026-07-10 18:14:00.000000
423,49,group-project,"I'm good, working on the messenger project.",2026-07-10 17:24:00.000000
424,36,group-design,"I'm good, working on the messenger project.",2026-07-10 12:06:00.000000
425,24,dm-general,Thanks for the update!,2026-07-10 11:19:00.000000
426,37,group-project,Can you review my PR?,2026-07-10 19:47:00.000000
427,40,group-design,Meeting at 5?,2026-07-10 09:05:00.000000
428,11,group-design,Can you review my PR?,2026-07-10 11:06:00.000000
429,31,group-design,"I'm good, working on the messenger project.",2026-07-10 17:02:00.000000
430,14,group-project,Hey! How are you?,2026-07-10 12:53:00.000000
431,4,group-project,"Sure, I'll complete it today.",2026-07-10 12:09:00.000000
432,3,dm-general,Great! Don't forget to add file sharing feature.,2026-07-10 18:11:00.000000
433,31,dm-general,"Sounds good, checking now.",2026-07-10 10:16:00.000000
434,7,group-project,Thanks for the update!,2026-07-10 12:48:00.000000
435,9,dm-general,Can you review my PR?,2026-07-10 12:30:00.000000
436,3,group-project,"Okay, sounds good.",2026-07-10 10:00:00.000000
437,43,group-design,"Sounds good, checking now.",2026-07-10 07:34:00.000000
438,47,dm-general,"Okay, sounds good.",2026-07-10 10:50:00.000000
439,3,group-project,"Okay, sounds good.",2026-07-10 07:07:00.000000
440,11,group-design,"I'm good, working on the messenger project.",2026-07-10 13:53:00.000000
441,33,group-design,Can you review my PR?,2026-07-10 22:25:00.000000
442,23,group-design,"I'm good, working on the messenger project.",2026-07-10 12:29:00.000000
443,28,group-design,"Yep, see you then.",2026-07-10 20:57:00.000000
444,48,dm-general,No problem 👍,2026-07-10 17:06:00.000000
445,19,group-project,Meeting at 5?,2026-07-10 07:46:00.000000
446,50,group-design,No problem 👍,2026-07-10 09:55:00.000000
447,17,dm-general,Meeting at 5?,2026-07-10 11:20:00.000000
448,1,group-project,"Sure, I'll complete it today.",2026-07-10 13:05:00.000000
449,22,dm-general,"Okay, sounds good.",2026-07-10 12:08:00.000000
450,40,group-project,"Okay, sounds good.",2026-07-10 19:43:00.000000
451,19,group-project,Thanks for the update!,2026-07-10 19:38:00.000000
452,9,group-design,"I'm good, working on the messenger project.",2026-07-10 13:30:00.000000
453,23,group-design,Let's connect later.,2026-07-10 08:14:00.000000
454,31,group-project,"I'm good, working on the messenger project.",2026-07-10 17:05:00.000000
455,43,dm-general,"I'm good, working on the messenger project.",2026-07-10 13:54:00.000000
456,22,group-design,Can you review my PR?,2026-07-10 07:01:00.000000
457,40,dm-general,Can you review my PR?,2026-07-10 19:22:00.000000
458,13,dm-general,Meeting at 5?,2026-07-10 17:14:00.000000
459,18,group-design,No problem 👍,2026-07-10 12:10:00.000000
460,21,group-design,"Sounds good, checking now.",2026-07-10 20:11:00.000000
461,16,dm-general,"Sounds good, checking now.",2026-07-10 20:59:00.000000
462,25,group-project,"Okay, sounds good.",2026-07-10 11:35:00.000000
463,50,group-project,Hey! How are you?,2026-07-10 16:47:00.000000
464,20,group-project,Hey! How are you?,2026-07-10 15:40:00.000000
465,14,group-design,"Sure, I'll complete it today.",2026-07-10 14:36:00.000000
466,45,dm-general,"Yep, see you then.",2026-07-10 13:53:00.000000
467,3,group-project,Meeting at 5?,2026-07-10 11:03:00.000000
468,27,group-project,No problem 👍,2026-07-10 20:13:00.000000
469,19,dm-general,Great! Don't forget to add file sharing feature.,2026-07-10 22:00:00.000000
470,18,group-design,Hey! How are you?,2026-07-10 14:55:00.000000
471,31,group-project,Great! Don't forget to add file sharing feature.,2026-07-10 14:37:00.000000
472,2,group-design,"I'm good, working on the messenger project.",2026-07-10 15:16:00.000000
473,34,group-project,Can you review my PR?,2026-07-10 10:04:00.000000
474,25,group-project,Hey! How are you?,2026-07-10 09:22:00.000000
475,33,dm-general,"Sure, I'll complete it today.",2026-07-10 22:12:00.000000
476,18,group-project,"I'm good, working on the messenger project.",2026-07-10 16:24:00.000000
477,30,dm-general,Thanks for the update!,2026-07-10 08:35:00.000000
478,14,group-project,"Sounds good, checking now.",2026-07-10 17:46:00.000000
479,3,group-design,"Yep, see you then.",2026-07-10 17:32:00.000000
480,2,group-project,Let's connect later.,2026-07-10 20:34:00.000000
481,30,group-design,Let's connect later.,2026-07-10 17:03:00.000000
482,8,group-project,Great! Don't forget to add file sharing feature.,2026-07-10 17:37:00.000000
483,4,dm-general,"Sounds good, checking now.",2026-07-10 08:56:00.000000
484,40,group-design,Hey! How are you?,2026-07-10 07:31:00.000000
485,27,group-design,"Okay, sounds good.",2026-07-10 20:25:00.000000
486,38,group-design,Can you review my PR?,2026-07-10 14:27:00.000000
487,19,group-project,Great! Don't forget to add file sharing feature.,2026-07-11 18:12:00.000000
488,13,group-project,"Sure, I'll complete it today.",2026-07-11 16:53:00.000000
489,47,group-design,Can you review my PR?,2026-07-11 17:04:00.000000
490,19,dm-general,"I'm good, working on the messenger project.",2026-07-11 20:14:00.000000
491,9,dm-general,Great! Don't forget to add file sharing feature.,2026-07-11 09:23:00.000000
492,16,group-project,Meeting at 5?,2026-07-11 22:53:00.000000
493,34,dm-general,"Sounds good, checking now.",2026-07-11 09:55:00.000000
494,13,group-design,"Okay, sounds good.",2026-07-11 16:48:00.000000
495,35,group-design,"Okay, sounds good.",2026-07-11 10:44:00.000000
496,10,dm-general,"I'm good, working on the messenger project.",2026-07-11 13:34:00.000000
497,12,group-design,Let's connect later.,2026-07-11 20:44:00.000000
498,19,group-design,No problem 👍,2026-07-11 07:56:00.000000
499,1,group-project,Great! Don't forget to add file sharing feature.,2026-07-11 07:27:00.000000
500,15,group-design,Hey! How are you?,2026-07-11 22:42:00.000000
501,39,group-design,Hey! How are you?,2026-07-11 08:38:00.000000
502,42,group-project,"Sure, I'll complete it today.",2026-07-11 20:38:00.000000
503,11,group-project,Meeting at 5?,2026-07-11 07:27:00.000000
504,50,group-design,Let's connect later.,2026-07-11 19:01:00.000000
505,38,group-design,Let's connect later.,2026-07-11 21:52:00.000000
506,33,group-design,"Yep, see you then.",2026-07-11 18:10:00.000000
507,35,group-design,"Okay, sounds good.",2026-07-11 16:34:00.000000
508,25,dm-general,"Yep, see you then.",2026-07-11 22:13:00.000000
509,33,group-project,Meeting at 5?,2026-07-11 09:01:00.000000
510,36,group-design,Hey! How are you?,2026-07-11 17:54:00.000000
511,48,dm-general,Thanks for the update!,2026-07-11 11:41:00.000000
512,46,group-project,"Okay, sounds good.",2026-07-11 10:06:00.000000
513,32,group-design,"Sure, I'll complete it today.",2026-07-11 08:22:00.000000
514,17,dm-general,"Sounds good, checking now.",2026-07-11 20:46:00.000000
515,22,group-design,Great! Don't forget to add file sharing feature.,2026-07-11 20:35:00.000000
516,8,dm-general,Can you review my PR?,2026-07-11 09:54:00.000000
517,36,group-project,Let's connect later.,2026-07-11 13:24:00.000000
518,18,dm-general,No problem 👍,2026-07-11 20:57:00.000000
519,15,dm-general,Thanks for the update!,2026-07-11 08:55:00.000000
520,11,group-project,Can you review my PR?,2026-07-11 07:17:00.000000
521,35,dm-general,Great! Don't forget to add file sharing feature.,2026-07-11 08:06:00.000000
522,35,group-project,"Okay, sounds good.",2026-07-11 18:28:00.000000
523,34,dm-general,"Yep, see you then.",2026-07-11 08:49:00.000000
524,35,group-project,"Yep, see you then.",2026-07-11 09:33:00.000000
525,11,group-project,"Yep, see you then.",2026-07-11 08:54:00.000000
526,9,group-design,"I'm good, working on the messenger project.",2026-07-11 09:55:00.000000
527,50,dm-general,"Yep, see you then.",2026-07-11 12:03:00.000000
528,50,group-design,Can you review my PR?,2026-07-11 18:16:00.000000
529,6,group-design,Let's connect later.,2026-07-11 14:08:00.000000
530,20,group-design,"I'm good, working on the messenger project.",2026-07-11 18:10:00.000000
531,33,group-project,No problem 👍,2026-07-12 20:03:00.000000
532,41,dm-general,Great! Don't forget to add file sharing feature.,2026-07-12 19:01:00.000000
533,28,group-project,"Sure, I'll complete it today.",2026-07-12 07:39:00.000000
534,16,group-design,"Okay, sounds good.",2026-07-12 21:59:00.000000
535,40,group-project,"Okay, sounds good.",2026-07-12 21:33:00.000000
536,8,group-project,"Sounds good, checking now.",2026-07-12 20:45:00.000000
537,43,group-project,"Okay, sounds good.",2026-07-12 20:30:00.000000
538,9,group-project,Meeting at 5?,2026-07-12 17:59:00.000000
539,34,group-design,"Okay, sounds good.",2026-07-12 10:14:00.000000
540,25,group-project,Can you review my PR?,2026-07-12 20:49:00.000000
541,30,group-project,Let's connect later.,2026-07-12 16:59:00.000000
542,10,dm-general,"Okay, sounds good.",2026-07-12 07:26:00.000000
543,32,dm-general,"Sure, I'll complete it today.",2026-07-12 18:30:00.000000
544,44,dm-general,"Sure, I'll complete it today.",2026-07-12 08:56:00.000000
545,23,group-project,No problem 👍,2026-07-12 11:18:00.000000
546,49,dm-general,Meeting at 5?,2026-07-12 10:36:00.000000
547,17,dm-general,"Okay, sounds good.",2026-07-12 20:10:00.000000
548,33,group-design,Meeting at 5?,2026-07-12 20:26:00.000000
549,2,dm-general,Great! Don't forget to add file sharing feature.,2026-07-12 12:30:00.000000
550,40,group-project,"Okay, sounds good.",2026-07-12 08:08:00.000000
551,22,dm-general,"Sounds good, checking now.",2026-07-12 16:01:00.000000
552,35,group-project,Let's connect later.,2026-07-12 13:18:00.000000
553,50,dm-general,"Okay, sounds good.",2026-07-12 18:59:00.000000
554,44,dm-general,"Yep, see you then.",2026-07-12 17:09:00.000000
555,47,dm-general,"Sure, I'll complete it today.",2026-07-12 17:19:00.000000
556,36,dm-general,No problem 👍,2026-07-12 08:00:00.000000
557,8,group-design,"I'm good, working on the messenger project.",2026-07-12 16:10:00.000000
558,49,dm-general,"Okay, sounds good.",2026-07-12 19:58:00.000000
559,27,group-design,"Sounds good, checking now.",2026-07-12 17:57:00.000000
560,33,group-design,Great! Don't forget to add file sharing feature.,2026-07-12 12:37:00.000000
561,12,dm-general,Hey! How are you?,2026-07-12 15:16:00.000000
562,10,group-project,"Sure, I'll complete it today.",2026-07-12 09:24:00.000000
563,19,dm-general,"Sounds good, checking now.",2026-07-12 15:49:00.000000
564,49,group-design,"I'm good, working on the messenger project.",2026-07-12 15:18:00.000000
565,43,group-project,"Okay, sounds good.",2026-07-12 12:54:00.000000
566,36,group-project,Hey! How are you?,2026-07-12 14:54:00.000000
567,26,dm-general,No problem 👍,2026-07-12 21:18:00.000000
568,19,dm-general,Great! Don't forget to add file sharing feature.,2026-07-12 12:49:00.000000
569,12,group-project,"Okay, sounds good.",2026-07-12 10:49:00.000000
570,9,group-project,No problem 👍,2026-07-12 22:25:00.000000
571,44,dm-general,Let's connect later.,2026-07-13 13:41:00.000000
572,28,dm-general,"Sounds good, checking now.",2026-07-13 17:04:00.000000
573,9,dm-general,Meeting at 5?,2026-07-13 22:52:00.000000
574,21,group-project,"Yep, see you then.",2026-07-13 12:29:00.000000
575,43,group-project,"Okay, sounds good.",2026-07-13 18:51:00.000000
576,6,group-design,"Yep, see you then.",2026-07-13 16:55:00.000000
577,16,group-project,"Sure, I'll complete it today.",2026-07-13 14:40:00.000000
578,3,group-design,"Sure, I'll complete it today.",2026-07-13 10:51:00.000000
579,19,dm-general,Let's connect later.,2026-07-13 22:49:00.000000
580,8,group-design,Hey! How are you?,2026-07-13 18:46:00.000000
581,39,dm-general,"I'm good, working on the messenger project.",2026-07-13 12:47:00.000000
582,10,dm-general,"I'm good, working on the messenger project.",2026-07-13 17:30:00.000000
583,13,group-design,No problem 👍,2026-07-13 14:43:00.000000
584,11,group-project,Let's connect later.,2026-07-13 13:31:00.000000
585,40,dm-general,"Okay, sounds good.",2026-07-13 08:58:00.000000
586,14,group-project,"I'm good, working on the messenger project.",2026-07-13 07:27:00.000000
587,22,dm-general,"Okay, sounds good.",2026-07-13 22:30:00.000000
588,21,dm-general,Can you review my PR?,2026-07-13 07:50:00.000000
589,11,group-project,Meeting at 5?,2026-07-13 09:18:00.000000
590,20,group-project,Hey! How are you?,2026-07-13 22:50:00.000000
591,29,group-project,Hey! How are you?,2026-07-13 18:41:00.000000
592,38,group-project,"Okay, sounds good.",2026-07-13 15:26:00.000000
593,49,dm-general,Meeting at 5?,2026-07-13 09:30:00.000000
594,6,group-design,"I'm good, working on the messenger project.",2026-07-13 10:05:00.000000
595,49,group-design,"Sure, I'll complete it today.",2026-07-13 22:24:00.000000
596,6,group-design,"Okay, sounds good.",2026-07-13 09:05:00.000000
597,21,group-project,"I'm good, working on the messenger project.",2026-07-13 16:38:00.000000
598,15,dm-general,Hey! How are you?,2026-07-13 22:00:00.000000
599,16,group-design,"Okay, sounds good.",2026-07-13 15:05:00.000000
600,42,dm-general,Great! Don't forget to add file sharing feature.,2026-07-13 11:46:00.000000
601,18,group-project,No problem 👍,2026-07-13 10:19:00.000000
602,24,dm-general,No problem 👍,2026-07-13 12:37:00.000000
603,37,dm-general,"Yep, see you then.",2026-07-13 14:43:00.000000
604,25,group-design,"Okay, sounds good.",2026-07-13 10:42:00.000000
605,36,dm-general,"Yep, see you then.",2026-07-13 12:13:00.000000
606,50,group-project,"I'm good, working on the messenger project.",2026-07-13 22:38:00.000000
607,18,group-design,"Yep, see you then.",2026-07-13 07:09:00.000000
608,35,group-design,No problem 👍,2026-07-13 18:20:00.000000
609,49,group-project,Let's connect later.,2026-07-13 10:27:00.000000
610,37,group-design,"Sure, I'll complete it today.",2026-07-13 13:52:00.000000
611,49,group-design,Let's connect later.,2026-07-13 21:32:00.000000
612,16,dm-general,"I'm good, working on the messenger project.",2026-07-13 22:33:00.000000
613,44,group-project,"Okay, sounds good.",2026-07-13 07:16:00.000000
614,16,group-project,"Yep, see you then.",2026-07-13 17:07:00.000000
615,30,dm-general,"Sounds good, checking now.",2026-07-13 09:35:00.000000
616,22,group-design,"Sounds good, checking now.",2026-07-13 19:16:00.000000
617,40,group-project,Can you review my PR?,2026-07-13 22:06:00.000000
618,39,group-design,Great! Don't forget to add file sharing feature.,2026-07-13 16:12:00.000000
619,48,dm-general,No problem 👍,2026-07-13 12:47:00.000000
620,33,dm-general,"I'm good, working on the messenger project.",2026-07-13 21:25:00.000000
621,26,dm-general,No problem 👍,2026-07-13 08:30:00.000000
622,31,group-project,"Okay, sounds good.",2026-07-13 08:51:00.000000
623,25,group-design,Great! Don't forget to add file sharing feature.,2026-07-13 22:04:00.000000
624,41,group-project,Meeting at 5?,2026-07-13 14:43:00.000000
625,33,group-project,Let's connect later.,2026-07-13 19:43:00.000000
626,32,group-project,"Okay, sounds good.",2026-07-13 16:31:00.000000
627,17,group-project,"Sounds good, checking now.",2026-07-13 13:09:00.000000
628,23,group-design,Thanks for the update!,2026-07-13 08:56:00.000000
629,50,group-project,No problem 👍,2026-07-13 16:39:00.000000
630,30,dm-general,No problem 👍,2026-07-13 12:30:00.000000
631,27,dm-general,"Sounds good, checking now.",2026-07-13 07:41:00.000000
632,42,group-design,"I'm good, working on the messenger project.",2026-07-13 13:04:00.000000
633,39,group-design,"Sure, I'll complete it today.",2026-07-13 20:33:00.000000
634,33,group-project,Can you review my PR?,2026-07-13 21:25:00.000000
635,31,group-project,Let's connect later.,2026-07-13 08:12:00.000000
636,18,group-design,Thanks for the update!,2026-07-13 08:12:00.000000
637,9,dm-general,"Sure, I'll complete it today.",2026-07-13 07:43:00.000000
638,33,group-project,No problem 👍,2026-07-13 22:29:00.000000
639,37,dm-general,"Okay, sounds good.",2026-07-13 21:20:00.000000
640,30,dm-general,Meeting at 5?,2026-07-13 16:50:00.000000
641,23,dm-general,"Sure, I'll complete it today.",2026-07-13 15:04:00.000000
642,50,dm-general,No problem 👍,2026-07-13 10:40:00.000000
643,15,group-project,"I'm good, working on the messenger project.",2026-07-14 12:02:00.000000
644,43,dm-general,"Sounds good, checking now.",2026-07-14 18:13:00.000000
645,14,group-design,Meeting at 5?,2026-07-14 08:01:00.000000
646,25,group-project,Let's connect later.,2026-07-14 16:07:00.000000
647,24,dm-general,"Okay, sounds good.",2026-07-14 09:45:00.000000
648,21,group-project,Meeting at 5?,2026-07-14 08:57:00.000000
649,38,dm-general,Can you review my PR?,2026-07-14 12:11:00.000000
650,16,dm-general,Meeting at 5?,2026-07-14 10:50:00.000000
651,12,dm-general,No problem 👍,2026-07-14 22:49:00.000000
652,38,group-design,"Okay, sounds good.",2026-07-14 17:23:00.000000
653,48,group-project,No problem 👍,2026-07-14 09:53:00.000000
654,38,group-design,"I'm good, working on the messenger project.",2026-07-14 17:34:00.000000
655,41,group-design,Hey! How are you?,2026-07-14 07:16:00.000000
656,7,group-project,"Yep, see you then.",2026-07-14 13:18:00.000000
657,20,dm-general,Great! Don't forget to add file sharing feature.,2026-07-14 10:46:00.000000
658,38,group-design,Hey! How are you?,2026-07-14 10:06:00.000000
659,49,dm-general,Can you review my PR?,2026-07-14 17:38:00.000000
660,22,group-design,Great! Don't forget to add file sharing feature.,2026-07-14 16:25:00.000000
661,36,group-design,"Yep, see you then.",2026-07-14 16:11:00.000000
662,49,group-design,Thanks for the update!,2026-07-14 17:22:00.000000
663,8,dm-general,"I'm good, working on the messenger project.",2026-07-14 09:45:00.000000
664,36,group-design,No problem 👍,2026-07-14 17:31:00.000000
665,39,dm-general,Hey! How are you?,2026-07-14 17:30:00.000000
666,41,group-design,"Yep, see you then.",2026-07-14 18:22:00.000000
667,26,group-design,"I'm good, working on the messenger project.",2026-07-14 18:38:00.000000
668,9,dm-general,Great! Don't forget to add file sharing feature.,2026-07-14 08:40:00.000000
669,46,group-design,No problem 👍,2026-07-14 18:28:00.000000
670,11,dm-general,"Sounds good, checking now.",2026-07-14 20:21:00.000000
671,34,group-design,Meeting at 5?,2026-07-14 16:02:00.000000
672,29,group-project,"I'm good, working on the messenger project.",2026-07-14 17:19:00.000000
673,31,group-design,"Yep, see you then.",2026-07-14 07:50:00.000000
674,25,group-project,Hey! How are you?,2026-07-14 19:47:00.000000
675,25,group-project,"Sounds good, checking now.",2026-07-14 08:23:00.000000
676,28,group-design,"Yep, see you then.",2026-07-14 15:48:00.000000
677,23,dm-general,No problem 👍,2026-07-14 22:10:00.000000
678,43,group-project,Let's connect later.,2026-07-14 07:29:00.000000
679,50,group-project,"Yep, see you then.",2026-07-14 07:09:00.000000
680,47,dm-general,"I'm good, working on the messenger project.",2026-07-14 17:57:00.000000
681,11,dm-general,Meeting at 5?,2026-07-14 07:17:00.000000
682,22,dm-general,"I'm good, working on the messenger project.",2026-07-14 16:37:00.000000
683,2,group-project,No problem 👍,2026-07-14 22:23:00.000000
684,15,group-design,Meeting at 5?,2026-07-14 20:59:00.000000
685,29,group-project,Can you review my PR?,2026-07-14 15:06:00.000000
686,34,group-design,No problem 👍,2026-07-14 19:16:00.000000
687,13,group-project,"Okay, sounds good.",2026-07-14 19:55:00.000000
688,46,group-project,Thanks for the update!,2026-07-14 19:19:00.000000
689,24,group-project,Can you review my PR?,2026-07-14 07:58:00.000000
690,41,group-project,Thanks for the update!,2026-07-14 08:30:00.000000
691,6,group-design,Meeting at 5?,2026-07-14 07:37:00.000000
692,17,group-project,Can you review my PR?,2026-07-14 18:31:00.000000
693,40,dm-general,"Yep, see you then.",2026-07-14 22:47:00.000000
694,3,group-design,Let's connect later.,2026-07-14 22:42:00.000000
695,8,group-design,Can you review my PR?,2026-07-14 09:30:00.000000
696,24,dm-general,Can you review my PR?,2026-07-14 07:44:00.000000
697,47,dm-general,No problem 👍,2026-07-14 11:01:00.000000
698,22,group-project,Meeting at 5?,2026-07-14 18:38:00.000000
699,31,group-design,No problem 👍,2026-07-14 19:10:00.000000
700,30,dm-general,Thanks for the update!,2026-07-14 08:18:00.000000
701,17,group-design,Meeting at 5?,2026-07-14 19:43:00.000000
702,45,group-design,Great! Don't forget to add file sharing feature.,2026-07-14 09:48:00.000000
703,13,group-project,Great! Don't forget to add file sharing feature.,2026-07-14 17:24:00.000000
704,39,group-project,Great! Don't forget to add file sharing feature.,2026-07-14 07:56:00.000000
705,19,dm-general,Can you review my PR?,2026-07-14 21:48:00.000000
706,8,group-design,Hey! How are you?,2026-07-14 19:29:00.000000
707,18,group-design,"Yep, see you then.",2026-07-14 22:49:00.000000
708,48,group-project,Great! Don't forget to add file sharing feature.,2026-07-14 10:17:00.000000
709,19,dm-general,Meeting at 5?,2026-07-14 14:34:00.000000
710,5,dm-general,No problem 👍,2026-07-14 19:33:00.000000
711,37,dm-general,"Sure, I'll complete it today.",2026-07-15 19:24:00.000000
712,28,group-design,Can you review my PR?,2026-07-15 21:39:00.000000
713,27,group-design,Let's connect later.,2026-07-15 15:14:00.000000
714,41,group-design,Thanks for the update!,2026-07-15 09:22:00.000000
715,45,dm-general,"Sure, I'll complete it today.",2026-07-15 15:15:00.000000
716,36,group-design,No problem 👍,2026-07-15 13:05:00.000000
717,28,group-project,Can you review my PR?,2026-07-15 08:52:00.000000
718,20,group-project,Can you review my PR?,2026-07-15 13:01:00.000000
719,3,dm-general,No problem 👍,2026-07-15 14:36:00.000000
720,36,group-project,"Okay, sounds good.",2026-07-15 09:23:00.000000
721,5,group-project,Meeting at 5?,2026-07-15 13:57:00.000000
722,27,group-design,Meeting at 5?,2026-07-15 10:35:00.000000
723,16,group-design,"I'm good, working on the messenger project.",2026-07-15 18:17:00.000000
724,8,group-design,Meeting at 5?,2026-07-15 13:45:00.000000
725,10,dm-general,Hey! How are you?,2026-07-15 18:27:00.000000
726,7,group-design,Great! Don't forget to add file sharing feature.,2026-07-15 10:30:00.000000
727,3,dm-general,"Sounds good, checking now.",2026-07-15 13:08:00.000000
728,16,dm-general,No problem 👍,2026-07-15 19:10:00.000000
729,41,group-project,"Yep, see you then.",2026-07-15 19:25:00.000000
730,46,group-design,"Sounds good, checking now.",2026-07-15 16:56:00.000000
731,49,dm-general,Let's connect later.,2026-07-15 11:37:00.000000
732,30,group-project,"Yep, see you then.",2026-07-15 08:52:00.000000
733,46,group-design,No problem 👍,2026-07-15 08:27:00.000000
734,45,dm-general,"Yep, see you then.",2026-07-15 10:19:00.000000
735,3,group-design,Let's connect later.,2026-07-15 15:57:00.000000
736,40,dm-general,No problem 👍,2026-07-15 15:22:00.000000
737,35,group-project,Let's connect later.,2026-07-15 12:04:00.000000
738,37,group-design,Thanks for the update!,2026-07-15 14:40:00.000000
739,20,dm-general,Great! Don't forget to add file sharing feature.,2026-07-15 19:01:00.000000
740,50,dm-general,"I'm good, working on the messenger project.",2026-07-15 19:29:00.000000
741,33,group-project,Hey! How are you?,2026-07-15 13:40:00.000000
742,4,dm-general,Meeting at 5?,2026-07-15 22:50:00.000000
743,3,dm-general,Thanks for the update!,2026-07-15 19:44:00.000000
744,27,dm-general,No problem 👍,2026-07-15 14:25:00.000000
745,16,dm-general,Can you review my PR?,2026-07-15 22:07:00.000000
746,22,group-project,Meeting at 5?,2026-07-15 07:16:00.000000
747,4,dm-general,Can you review my PR?,2026-07-15 19:25:00.000000
748,24,group-project,Let's connect later.,2026-07-15 09:12:00.000000
749,17,group-project,"Sure, I'll complete it today.",2026-07-15 21:27:00.000000
750,7,dm-general,"Okay, sounds good.",2026-07-15 16:55:00.000000
751,27,group-project,"Sounds good, checking now.",2026-07-15 12:24:00.000000
752,23,group-design,Meeting at 5?,2026-07-15 09:19:00.000000
753,31,group-design,No problem 👍,2026-07-15 09:41:00.000000
754,20,group-project,Great! Don't forget to add file sharing feature.,2026-07-15 10:01:00.000000
755,31,group-project,Great! Don't forget to add file sharing feature.,2026-07-15 15:49:00.000000
756,50,group-design,Let's connect later.,2026-07-15 22:44:00.000000
757,27,group-project,Let's connect later.,2026-07-15 12:28:00.000000
758,20,dm-general,"Sounds good, checking now.",2026-07-15 17:42:00.000000
759,10,dm-general,Thanks for the update!,2026-07-15 10:29:00.000000
760,50,group-project,Let's connect later.,2026-07-15 21:16:00.000000
761,5,group-project,Thanks for the update!,2026-07-15 21:35:00.000000
762,34,group-project,"I'm good, working on the messenger project.",2026-07-15 19:37:00.000000
763,48,group-project,Can you review my PR?,2026-07-15 16:13:00.000000
764,36,group-design,No problem 👍,2026-07-15 11:55:00.000000
765,23,group-project,Meeting at 5?,2026-07-15 12:25:00.000000
766,18,group-design,"Sure, I'll complete it today.",2026-07-15 08:02:00.000000
767,5,group-design,Can you review my PR?,2026-07-15 16:05:00.000000
768,41,dm-general,Thanks for the update!,2026-07-15 16:48:00.000000
769,24,dm-general,"Okay, sounds good.",2026-07-15 12:22:00.000000
770,49,group-design,Thanks for the update!,2026-07-15 08:31:00.000000
771,43,dm-general,Thanks for the update!,2026-07-15 19:53:00.000000
772,8,group-design,Thanks for the update!,2026-07-15 14:33:00.000000
773,14,group-project,"Sure, I'll complete it today.",2026-07-15 11:52:00.000000
774,42,group-project,Thanks for the update!,2026-07-15 14:23:00.000000
775,20,dm-general,No problem 👍,2026-07-15 13:49:00.000000
776,12,group-project,"Okay, sounds good.",2026-07-15 08:05:00.000000
777,6,group-project,No problem 👍,2026-07-15 17:49:00.000000
778,50,group-design,Can you review my PR?,2026-07-15 08:51:00.000000
779,45,group-project,"Sounds good, checking now.",2026-07-15 17:08:00.000000
780,29,group-design,Can you review my PR?,2026-07-15 12:05:00.000000
781,23,group-design,"Yep, see you then.",2026-07-15 18:10:00.000000
782,30,group-project,"I'm good, working on the messenger project.",2026-07-15 15:02:00.000000
783,2,group-design,"Okay, sounds good.",2026-07-15 08:58:00.000000
784,18,group-design,"Yep, see you then.",2026-07-15 22:14:00.000000
785,15,dm-general,"Sounds good, checking now.",2026-07-15 08:14:00.000000
786,48,group-project,Meeting at 5?,2026-07-15 17:02:00.000000
787,38,dm-general,"Sure, I'll complete it today.",2026-07-15 20:54:00.000000
788,23,group-design,"Sounds good, checking now.",2026-07-15 08:21:00.000000
789,37,group-project,Hey! How are you?,2026-07-15 15:25:00.000000
790,11,group-design,Hey! How are you?,2026-07-16 08:23:00.000000
791,14,group-project,Hey! How are you?,2026-07-16 17:59:00.000000
792,43,group-design,Great! Don't forget to add file sharing feature.,2026-07-16 10:28:00.000000
793,47,group-design,Great! Don't forget to add file sharing feature.,2026-07-16 08:07:00.000000
794,19,group-project,Great! Don't forget to add file sharing feature.,2026-07-16 21:04:00.000000
795,7,dm-general,"Sure, I'll complete it today.",2026-07-16 07:32:00.000000
796,27,group-design,"I'm good, working on the messenger project.",2026-07-16 18:55:00.000000
797,45,dm-general,Hey! How are you?,2026-07-16 20:29:00.000000
798,7,group-project,No problem 👍,2026-07-16 14:39:00.000000
799,48,dm-general,Let's connect later.,2026-07-16 12:47:00.000000
800,10,group-design,"Sounds good, checking now.",2026-07-16 18:48:00.000000
801,2,group-project,"Sounds good, checking now.",2026-07-16 08:12:00.000000
802,13,group-project,"I'm good, working on the messenger project.",2026-07-16 22:20:00.000000
803,28,group-project,No problem 👍,2026-07-16 11:18:00.000000
804,13,dm-general,"I'm good, working on the messenger project.",2026-07-16 19:22:00.000000
805,48,dm-general,Thanks for the update!,2026-07-16 22:36:00.000000
806,23,dm-general,"I'm good, working on the messenger project.",2026-07-16 09:16:00.000000
807,48,group-design,Meeting at 5?,2026-07-16 18:15:00.000000
808,13,dm-general,"Sounds good, checking now.",2026-07-16 17:57:00.000000
809,45,dm-general,Thanks for the update!,2026-07-16 13:50:00.000000
810,46,dm-general,"Sounds good, checking now.",2026-07-16 20:49:00.000000
811,4,group-project,No problem 👍,2026-07-16 15:13:00.000000
812,35,dm-general,Great! Don't forget to add file sharing feature.,2026-07-16 17:55:00.000000
813,49,group-project,"Yep, see you then.",2026-07-16 21:50:00.000000
814,37,group-project,Great! Don't forget to add file sharing feature.,2026-07-16 22:39:00.000000
815,7,group-project,No problem 👍,2026-07-16 13:57:00.000000
816,4,group-design,Hey! How are you?,2026-07-16 09:15:00.000000
817,4,dm-general,"Okay, sounds good.",2026-07-16 15:01:00.000000
818,36,group-design,Let's connect later.,2026-07-16 08:42:00.000000
819,14,dm-general,"Sure, I'll complete it today.",2026-07-16 11:47:00.000000
820,28,group-project,"Yep, see you then.",2026-07-16 13:44:00.000000
821,28,group-design,Great! Don't forget to add file sharing feature.,2026-07-16 07:05:00.000000
822,31,group-project,Let's connect later.,2026-07-16 07:35:00.000000
823,4,dm-general,Can you review my PR?,2026-07-16 08:28:00.000000
824,46,group-design,No problem 👍,2026-07-16 07:32:00.000000
825,50,dm-general,"Yep, see you then.",2026-07-16 13:06:00.000000
826,12,dm-general,Can you review my PR?,2026-07-16 16:10:00.000000
827,30,group-project,Great! Don't forget to add file sharing feature.,2026-07-16 20:14:00.000000
828,45,group-design,"Yep, see you then.",2026-07-16 11:10:00.000000
829,42,group-project,Let's connect later.,2026-07-16 08:41:00.000000
830,49,group-project,Hey! How are you?,2026-07-16 08:36:00.000000
831,34,group-design,No problem 👍,2026-07-16 20:50:00.000000
832,47,group-design,Thanks for the update!,2026-07-16 11:10:00.000000
833,28,group-project,Hey! How are you?,2026-07-16 10:30:00.000000
834,41,dm-general,Meeting at 5?,2026-07-16 08:14:00.000000
835,37,group-project,No problem 👍,2026-07-16 16:12:00.000000
836,41,group-project,Great! Don't forget to add file sharing feature.,2026-07-16 15:18:00.000000
837,50,group-design,"I'm good, working on the messenger project.",2026-07-16 21:50:00.000000
838,25,dm-general,"Okay, sounds good.",2026-07-16 13:40:00.000000
839,15,group-project,Hey! How are you?,2026-07-16 12:16:00.000000
840,5,group-design,No problem 👍,2026-07-16 20:39:00.000000
841,38,group-project,No problem 👍,2026-07-16 08:43:00.000000
842,38,dm-general,Can you review my PR?,2026-07-16 21:18:00.000000
843,11,dm-general,No problem 👍,2026-07-16 11:34:00.000000
844,49,group-design,Thanks for the update!,2026-07-16 12:48:00.000000
845,50,group-design,"I'm good, working on the messenger project.",2026-07-16 19:50:00.000000
846,4,group-project,Can you review my PR?,2026-07-16 17:06:00.000000
847,17,group-project,"I'm good, working on the messenger project.",2026-07-16 18:02:00.000000
848,28,group-project,"I'm good, working on the messenger project.",2026-07-16 13:26:00.000000
849,49,dm-general,No problem 👍,2026-07-16 14:19:00.000000
850,22,group-design,"Sure, I'll complete it today.",2026-07-16 20:46:00.000000
851,31,group-design,Hey! How are you?,2026-07-16 20:01:00.000000
852,29,group-design,Great! Don't forget to add file sharing feature.,2026-07-16 21:11:00.000000
853,22,group-project,Meeting at 5?,2026-07-16 20:32:00.000000
854,45,dm-general,Meeting at 5?,2026-07-16 15:50:00.000000
855,25,dm-general,"Sure, I'll complete it today.",2026-07-16 14:04:00.000000
856,5,group-project,"Sounds good, checking now.",2026-07-16 11:37:00.000000
857,30,dm-general,No problem 👍,2026-07-16 12:47:00.000000
858,19,group-project,Great! Don't forget to add file sharing feature.,2026-07-16 20:55:00.000000
859,48,group-project,Hey! How are you?,2026-07-16 13:58:00.000000
860,7,group-project,"I'm good, working on the messenger project.",2026-07-16 16:55:00.000000
861,16,dm-general,"Sure, I'll complete it today.",2026-07-16 10:09:00.000000
862,9,group-design,"Sounds good, checking now.",2026-07-16 22:38:00.000000
863,5,group-design,Great! Don't forget to add file sharing feature.,2026-07-16 19:00:00.000000
864,5,group-design,"I'm good, working on the messenger project.",2026-07-16 20:25:00.000000
865,45,dm-general,"Sounds good, checking now.",2026-07-16 16:19:00.000000
866,45,dm-general,Hey! How are you?,2026-07-16 16:18:00.000000
867,16,group-design,No problem 👍,2026-07-16 18:28:00.000000
868,5,group-project,No problem 👍,2026-07-16 18:43:00.000000
869,45,dm-general,"Yep, see you then.",2026-07-16 16:06:00.000000
870,21,group-design,"Sounds good, checking now.",2026-07-17 16:58:00.000000
871,6,group-design,Let's connect later.,2026-07-17 22:35:00.000000
872,40,dm-general,Great! Don't forget to add file sharing feature.,2026-07-17 12:37:00.000000
873,35,group-project,"I'm good, working on the messenger project.",2026-07-17 11:19:00.000000
874,24,dm-general,Hey! How are you?,2026-07-17 11:10:00.000000
875,16,group-project,"Okay, sounds good.",2026-07-17 11:13:00.000000
876,12,group-design,Thanks for the update!,2026-07-17 14:20:00.000000
877,49,dm-general,Hey! How are you?,2026-07-17 14:22:00.000000
878,18,group-design,Let's connect later.,2026-07-17 18:40:00.000000
879,24,group-design,"Okay, sounds good.",2026-07-17 12:24:00.000000
880,48,group-design,"Yep, see you then.",2026-07-17 08:03:00.000000
881,7,dm-general,"I'm good, working on the messenger project.",2026-07-17 17:26:00.000000
882,10,group-project,Can you review my PR?,2026-07-17 15:38:00.000000
883,13,group-design,No problem 👍,2026-07-17 07:31:00.000000
884,43,group-project,"Yep, see you then.",2026-07-17 08:12:00.000000
885,20,group-project,Meeting at 5?,2026-07-17 07:01:00.000000
886,12,dm-general,"Okay, sounds good.",2026-07-17 12:40:00.000000
887,38,dm-general,"Yep, see you then.",2026-07-17 12:09:00.000000
888,18,dm-general,Can you review my PR?,2026-07-17 09:37:00.000000
889,30,group-project,Hey! How are you?,2026-07-17 21:52:00.000000
890,1,dm-general,Let's connect later.,2026-07-17 16:53:00.000000
891,46,group-project,"Okay, sounds good.",2026-07-17 12:18:00.000000
892,48,dm-general,"Sounds good, checking now.",2026-07-17 14:11:00.000000
893,5,group-project,"Okay, sounds good.",2026-07-17 14:49:00.000000
894,34,group-project,"Sure, I'll complete it today.",2026-07-17 10:37:00.000000
895,4,dm-general,Meeting at 5?,2026-07-17 15:57:00.000000
896,43,dm-general,"I'm good, working on the messenger project.",2026-07-17 17:17:00.000000
897,1,group-project,Meeting at 5?,2026-07-17 12:36:00.000000
898,49,group-project,Thanks for the update!,2026-07-17 11:55:00.000000
899,43,dm-general,Thanks for the update!,2026-07-17 10:42:00.000000
900,46,dm-general,"I'm good, working on the messenger project.",2026-07-17 09:22:00.000000
901,33,group-design,Can you review my PR?,2026-07-17 08:38:00.000000
902,37,dm-general,"Okay, sounds good.",2026-07-17 18:06:00.000000
903,33,group-project,Can you review my PR?,2026-07-17 22:44:00.000000
904,28,group-project,Meeting at 5?,2026-07-17 18:31:00.000000
905,27,group-project,"Sure, I'll complete it today.",2026-07-17 11:22:00.000000
906,40,group-project,No problem 👍,2026-07-17 21:26:00.000000
907,15,group-design,Thanks for the update!,2026-07-17 16:48:00.000000
908,28,group-project,Thanks for the update!,2026-07-17 17:38:00.000000
909,6,group-project,"Sure, I'll complete it today.",2026-07-17 20:27:00.000000
910,50,group-project,"I'm good, working on the messenger project.",2026-07-17 18:49:00.000000
911,42,dm-general,Hey! How are you?,2026-07-17 17:30:00.000000
912,25,dm-general,Can you review my PR?,2026-07-17 16:40:00.000000
913,41,group-design,"I'm good, working on the messenger project.",2026-07-17 20:37:00.000000
914,3,dm-general,Great! Don't forget to add file sharing feature.,2026-07-17 20:54:00.000000
915,16,dm-general,"Okay, sounds good.",2026-07-17 13:35:00.000000
916,24,group-project,Thanks for the update!,2026-07-17 09:28:00.000000
917,24,group-design,"Sure, I'll complete it today.",2026-07-17 18:46:00.000000
918,39,group-design,"Yep, see you then.",2026-07-17 17:57:00.000000
919,31,group-project,Thanks for the update!,2026-07-17 08:32:00.000000
920,42,group-project,"Okay, sounds good.",2026-07-17 21:59:00.000000
921,19,group-project,"Yep, see you then.",2026-07-17 11:44:00.000000
922,24,group-project,Meeting at 5?,2026-07-17 12:51:00.000000
923,25,group-design,Meeting at 5?,2026-07-17 09:08:00.000000
924,6,group-project,Thanks for the update!,2026-07-17 18:20:00.000000
925,18,dm-general,Let's connect later.,2026-07-17 17:47:00.000000
926,12,group-project,Great! Don't forget to add file sharing feature.,2026-07-17 22:37:00.000000
927,18,group-design,Great! Don't forget to add file sharing feature.,2026-07-17 16:20:00.000000
928,45,group-design,Hey! How are you?,2026-07-17 19:23:00.000000
929,12,group-design,"Yep, see you then.",2026-07-17 15:40:00.000000
930,50,group-design,Hey! How are you?,2026-07-17 14:14:00.000000
931,46,dm-general,"Yep, see you then.",2026-07-17 16:15:00.000000
932,48,group-design,"Sure, I'll complete it today.",2026-07-17 16:04:00.000000
933,29,dm-general,"Okay, sounds good.",2026-07-17 20:49:00.000000
934,17,group-design,Hey! How are you?,2026-07-17 16:51:00.000000
935,10,dm-general,"Okay, sounds good.",2026-07-17 12:00:00.000000
936,47,group-project,Can you review my PR?,2026-07-17 07:25:00.000000
937,42,group-project,No problem 👍,2026-07-17 22:53:00.000000
938,2,group-project,"Okay, sounds good.",2026-07-17 09:20:00.000000
939,8,group-project,"Sure, I'll complete it today.",2026-07-17 21:41:00.000000
940,16,dm-general,No problem 👍,2026-07-17 08:47:00.000000
941,34,dm-general,Let's connect later.,2026-07-17 16:31:00.000000
942,9,group-design,Meeting at 5?,2026-07-17 10:26:00.000000
943,20,group-project,"Sure, I'll complete it today.",2026-07-17 09:02:00.000000
944,7,group-project,Hey! How are you?,2026-07-17 15:31:00.000000
945,29,dm-general,No problem 👍,2026-07-17 17:16:00.000000
946,4,group-design,Thanks for the update!,2026-07-17 13:10:00.000000
947,27,group-project,"Sure, I'll complete it today.",2026-07-17 15:25:00.000000
948,46,group-project,Thanks for the update!,2026-07-17 10:27:00.000000
949,38,dm-general,Let's connect later.,2026-07-17 10:19:00.000000
950,30,group-design,"Sounds good, checking now.",2026-07-17 17:06:00.000000
951,3,group-project,Let's connect later.,2026-07-17 20:25:00.000000
952,29,group-project,"I'm good, working on the messenger project.",2026-07-17 13:38:00.000000
953,32,group-design,"Okay, sounds good.",2026-07-17 10:42:00.000000
954,44,dm-general,Great! Don't forget to add file sharing feature.,2026-07-17 20:44:00.000000
955,4,dm-general,Let's connect later.,2026-07-17 10:50:00.000000
956,38,group-design,"I'm good, working on the messenger project.",2026-07-18 09:46:00.000000
957,11,group-project,"Yep, see you then.",2026-07-18 22:28:00.000000
958,34,dm-general,Hey! How are you?,2026-07-18 16:14:00.000000
959,38,dm-general,Let's connect later.,2026-07-18 22:52:00.000000
960,35,group-design,"Sounds good, checking now.",2026-07-18 08:25:00.000000
961,29,group-project,"I'm good, working on the messenger project.",2026-07-18 18:26:00.000000
962,33,group-project,"I'm good, working on the messenger project.",2026-07-18 12:01:00.000000
963,27,dm-general,Meeting at 5?,2026-07-18 22:15:00.000000
964,36,dm-general,"I'm good, working on the messenger project.",2026-07-18 16:58:00.000000
965,41,group-design,"Sounds good, checking now.",2026-07-18 22:32:00.000000
966,41,group-project,"Okay, sounds good.",2026-07-18 07:52:00.000000
967,7,dm-general,Let's connect later.,2026-07-18 20:04:00.000000
968,16,group-design,Great! Don't forget to add file sharing feature.,2026-07-18 18:38:00.000000
969,42,group-design,"Okay, sounds good.",2026-07-18 08:27:00.000000
970,49,dm-general,"Sounds good, checking now.",2026-07-18 10:44:00.000000
971,10,dm-general,Let's connect later.,2026-07-18 17:24:00.000000
972,50,dm-general,Can you review my PR?,2026-07-18 15:01:00.000000
973,14,dm-general,"Okay, sounds good.",2026-07-18 18:18:00.000000
974,34,group-project,"Sounds good, checking now.",2026-07-18 20:37:00.000000
975,42,dm-general,Meeting at 5?,2026-07-18 22:08:00.000000
976,28,dm-general,Hey! How are you?,2026-07-18 18:31:00.000000
977,32,dm-general,"I'm good, working on the messenger project.",2026-07-18 09:53:00.000000
978,32,dm-general,"Yep, see you then.",2026-07-18 16:39:00.000000
979,29,group-project,"Okay, sounds good.",2026-07-18 18:47:00.000000
980,17,dm-general,"Sounds good, checking now.",2026-07-18 10:47:00.000000
981,26,group-design,No problem 👍,2026-07-18 20:30:00.000000
982,43,group-project,"Okay, sounds good.",2026-07-18 22:06:00.000000
983,25,dm-general,"Sounds good, checking now.",2026-07-18 17:52:00.000000
984,1,group-design,Great! Don't forget to add file sharing feature.,2026-07-18 13:35:00.000000
985,35,group-project,"Okay, sounds good.",2026-07-18 22:36:00.000000
986,15,group-design,"Yep, see you then.",2026-07-18 08:46:00.000000
987,13,dm-general,Meeting at 5?,2026-07-18 15:38:00.000000
988,49,group-design,"I'm good, working on the messenger project.",2026-07-18 12:33:00.000000
989,33,group-design,Can you review my PR?,2026-07-18 12:08:00.000000
990,9,group-project,"I'm good, working on the messenger project.",2026-07-18 15:23:00.000000
991,18,dm-general,Great! Don't forget to add file sharing feature.,2026-07-18 17:17:00.000000
992,45,group-project,"Okay, sounds good.",2026-07-18 17:35:00.000000
993,14,group-project,Meeting at 5?,2026-07-18 07:39:00.000000
994,20,group-design,Can you review my PR?,2026-07-18 16:30:00.000000
995,21,group-project,No problem 👍,2026-07-18 13:04:00.000000
996,48,group-project,Great! Don't forget to add file sharing feature.,2026-07-18 22:20:00.000000
997,9,group-project,"I'm good, working on the messenger project.",2026-07-18 12:08:00.000000
998,38,group-project,"I'm good, working on the messenger project.",2026-07-18 10:13:00.000000
999,9,group-project,"Sounds good, checking now.",2026-07-18 14:40:00.000000
1000,22,group-design,Great! Don't forget to add file sharing feature.,2026-07-18 07:45:00.000000
1001,8,dm-general,Meeting at 5?,2026-07-18 08:08:00.000000
1002,18,group-design,Can you review my PR?,2026-07-18 19:26:00.000000
1003,49,group-project,Let's connect later.,2026-07-18 22:06:00.000000
1004,46,group-project,Thanks for the update!,2026-07-18 13:46:00.000000
1005,46,dm-general,"Sure, I'll complete it today.",2026-07-18 18:19:00.000000
1006,16,group-design,"Sure, I'll complete it today.",2026-07-18 15:41:00.000000
1007,12,group-project,Meeting at 5?,2026-07-18 15:08:00.000000
1008,33,group-project,"Yep, see you then.",2026-07-18 21:19:00.000000
1009,39,group-project,"Yep, see you then.",2026-07-19 09:18:00.000000
1010,15,group-project,Hey! How are you?,2026-07-19 12:46:00.000000
1011,33,dm-general,Hey! How are you?,2026-07-19 19:32:00.000000
1012,11,dm-general,"Yep, see you then.",2026-07-19 13:48:00.000000
1013,20,group-project,Can you review my PR?,2026-07-19 16:29:00.000000
1014,30,group-project,"I'm good, working on the messenger project.",2026-07-19 22:13:00.000000
1015,21,group-design,Can you review my PR?,2026-07-19 12:57:00.000000
1016,14,group-project,Great! Don't forget to add file sharing feature.,2026-07-19 14:27:00.000000
1017,34,dm-general,Can you review my PR?,2026-07-19 07:21:00.000000
1018,30,group-project,"I'm good, working on the messenger project.",2026-07-19 21:18:00.000000
1019,16,dm-general,"Okay, sounds good.",2026-07-19 11:25:00.000000
1020,27,group-design,"Sounds good, checking now.",2026-07-19 12:10:00.000000
1021,39,dm-general,Hey! How are you?,2026-07-19 17:46:00.000000
1022,14,group-design,Meeting at 5?,2026-07-19 11:13:00.000000
1023,4,group-design,"Sounds good, checking now.",2026-07-19 10:25:00.000000
1024,40,group-design,Can you review my PR?,2026-07-19 14:29:00.000000
1025,31,group-project,Let's connect later.,2026-07-19 21:02:00.000000
1026,6,group-project,No problem 👍,2026-07-19 07:34:00.000000
1027,12,dm-general,Meeting at 5?,2026-07-19 09:32:00.000000
1028,41,group-project,No problem 👍,2026-07-19 15:12:00.000000
1029,46,group-design,"Sounds good, checking now.",2026-07-19 14:40:00.000000
1030,49,group-project,Let's connect later.,2026-07-19 08:56:00.000000
1031,38,group-project,Thanks for the update!,2026-07-19 17:44:00.000000
1032,27,dm-general,Thanks for the update!,2026-07-19 13:25:00.000000
1033,38,dm-general,"Sure, I'll complete it today.",2026-07-19 17:18:00.000000
1034,7,dm-general,"I'm good, working on the messenger project.",2026-07-19 10:25:00.000000
1035,15,group-project,Great! Don't forget to add file sharing feature.,2026-07-19 19:25:00.000000
1036,37,group-design,"Sure, I'll complete it today.",2026-07-19 19:02:00.000000
1037,5,group-project,"Okay, sounds good.",2026-07-19 20:33:00.000000
1038,47,dm-general,Hey! How are you?,2026-07-19 16:57:00.000000
1039,22,group-project,"Yep, see you then.",2026-07-19 22:25:00.000000
1040,44,group-project,Meeting at 5?,2026-07-19 18:09:00.000000
1041,9,dm-general,No problem 👍,2026-07-19 08:16:00.000000
1042,12,dm-general,"Sounds good, checking now.",2026-07-19 12:42:00.000000
1043,5,dm-general,No problem 👍,2026-07-19 19:24:00.000000
1044,34,group-project,Hey! How are you?,2026-07-19 10:30:00.000000
1045,22,group-design,Great! Don't forget to add file sharing feature.,2026-07-19 08:57:00.000000
1046,5,group-project,"Sure, I'll complete it today.",2026-07-19 09:10:00.000000
1047,15,dm-general,Hey! How are you?,2026-07-19 09:43:00.000000
1048,33,dm-general,"Sounds good, checking now.",2026-07-19 17:20:00.000000
1049,10,group-design,"Yep, see you then.",2026-07-19 20:20:00.000000
1050,24,group-project,Thanks for the update!,2026-07-19 13:56:00.000000
1051,11,group-project,"I'm good, working on the messenger project.",2026-07-19 12:49:00.000000
1052,28,group-design,Meeting at 5?,2026-07-19 12:06:00.000000
1053,20,group-design,"Okay, sounds good.",2026-07-19 16:15:00.000000
1054,11,group-design,Great! Don't forget to add file sharing feature.,2026-07-19 12:46:00.000000
1055,4,group-design,"Sounds good, checking now.",2026-07-19 19:33:00.000000
1056,25,group-design,Meeting at 5?,2026-07-19 17:29:00.000000
1057,2,dm-general,Thanks for the update!,2026-07-20 22:17:00.000000
1058,39,group-design,Meeting at 5?,2026-07-20 09:22:00.000000
1059,18,dm-general,Great! Don't forget to add file sharing feature.,2026-07-20 16:24:00.000000
1060,13,group-design,Thanks for the update!,2026-07-20 13:03:00.000000
1061,26,group-design,Meeting at 5?,2026-07-20 09:43:00.000000
1062,26,group-design,Hey! How are you?,2026-07-20 14:45:00.000000
1063,29,group-project,Let's connect later.,2026-07-20 18:39:00.000000
1064,24,group-project,Let's connect later.,2026-07-20 11:23:00.000000
1065,10,dm-general,"Yep, see you then.",2026-07-20 21:53:00.000000
1066,34,dm-general,Thanks for the update!,2026-07-20 12:59:00.000000
1067,45,group-design,"Okay, sounds good.",2026-07-20 12:47:00.000000
1068,5,group-design,Can you review my PR?,2026-07-20 18:41:00.000000
1069,26,dm-general,Hey! How are you?,2026-07-20 21:52:00.000000
1070,20,dm-general,"Sure, I'll complete it today.",2026-07-20 21:17:00.000000
1071,17,group-design,"Sure, I'll complete it today.",2026-07-20 13:57:00.000000
1072,17,group-project,Great! Don't forget to add file sharing feature.,2026-07-20 12:58:00.000000
1073,2,group-project,Can you review my PR?,2026-07-20 21:23:00.000000
1074,14,dm-general,No problem 👍,2026-07-20 16:55:00.000000
1075,43,dm-general,Meeting at 5?,2026-07-20 21:05:00.000000
1076,47,group-project,Can you review my PR?,2026-07-20 13:33:00.000000
1077,28,dm-general,"Okay, sounds good.",2026-07-20 19:41:00.000000
1078,8,group-project,"I'm good, working on the messenger project.",2026-07-20 09:15:00.000000
1079,25,group-project,"I'm good, working on the messenger project.",2026-07-20 12:05:00.000000
1080,8,group-design,Great! Don't forget to add file sharing feature.,2026-07-20 16:49:00.000000
1081,35,dm-general,Thanks for the update!,2026-07-20 21:25:00.000000
1082,47,group-project,"Yep, see you then.",2026-07-20 11:08:00.000000
1083,24,group-project,"I'm good, working on the messenger project.",2026-07-20 14:01:00.000000
1084,27,dm-general,Thanks for the update!,2026-07-20 09:45:00.000000
1085,3,group-project,"I'm good, working on the messenger project.",2026-07-20 09:56:00.000000
1086,27,group-project,"Okay, sounds good.",2026-07-20 16:34:00.000000
1087,34,group-design,Great! Don't forget to add file sharing feature.,2026-07-20 08:29:00.000000
1088,12,dm-general,Great! Don't forget to add file sharing feature.,2026-07-20 14:44:00.000000
1089,33,group-design,Can you review my PR?,2026-07-20 08:50:00.000000
1090,8,group-design,"Sounds good, checking now.",2026-07-20 14:43:00.000000
1091,34,group-design,"I'm good, working on the messenger project.",2026-07-20 21:36:00.000000
1092,29,dm-general,"I'm good, working on the messenger project.",2026-07-20 11:56:00.000000
1093,14,dm-general,"Sure, I'll complete it today.",2026-07-20 15:09:00.000000
1094,18,group-design,"Okay, sounds good.",2026-07-20 10:51:00.000000
1095,8,group-project,Let's connect later.,2026-07-20 17:57:00.000000
1096,49,dm-general,Great! Don't forget to add file sharing feature.,2026-07-20 17:30:00.000000
1097,29,group-design,"Okay, sounds good.",2026-07-20 16:39:00.000000
1098,6,group-project,"Sounds good, checking now.",2026-07-20 13:43:00.000000
1099,49,dm-general,"Sounds good, checking now.",2026-07-20 13:42:00.000000
1100,12,dm-general,Great! Don't forget to add file sharing feature.,2026-07-20 16:20:00.000000
1101,30,group-design,Great! Don't forget to add file sharing feature.,2026-07-20 08:33:00.000000
1102,46,dm-general,"Okay, sounds good.",2026-07-20 20:55:00.000000
1103,13,group-design,Hey! How are you?,2026-07-20 10:14:00.000000
1104,20,group-project,Can you review my PR?,2026-07-20 19:57:00.000000
1105,16,group-design,Great! Don't forget to add file sharing feature.,2026-07-20 11:49:00.000000
1106,3,group-design,"Sounds good, checking now.",2026-07-20 11:40:00.000000
1107,47,dm-general,"I'm good, working on the messenger project.",2026-07-20 09:23:00.000000
1108,1,group-project,Meeting at 5?,2026-07-20 08:58:00.000000
1109,33,dm-general,Can you review my PR?,2026-07-20 11:09:00.000000
1110,49,group-project,Great! Don't forget to add file sharing feature.,2026-07-20 14:15:00.000000
1111,4,group-design,Hey! How are you?,2026-07-20 19:07:00.000000
1112,4,group-project,"Yep, see you then.",2026-07-20 18:55:00.000000
1113,13,group-project,Thanks for the update!,2026-07-20 08:14:00.000000
1114,32,dm-general,Thanks for the update!,2026-07-20 20:55:00.000000
1115,32,dm-general,"Sure, I'll complete it today.",2026-07-20 14:11:00.000000
1116,44,group-project,No problem 👍,2026-07-20 16:15:00.000000
1117,9,group-design,"Sounds good, checking now.",2026-07-20 11:19:00.000000
1118,38,group-project,Meeting at 5?,2026-07-20 18:26:00.000000
1119,7,dm-general,"Sounds good, checking now.",2026-07-20 10:28:00.000000
1120,15,group-project,"I'm good, working on the messenger project.",2026-07-20 22:11:00.000000
1121,7,dm-general,"I'm good, working on the messenger project.",2026-07-20 08:15:00.000000
1122,24,group-project,Can you review my PR?,2026-07-20 17:20:00.000000
1123,4,dm-general,"Sounds good, checking now.",2026-07-20 14:47:00.000000
1124,13,group-project,No problem 👍,2026-07-20 09:10:00.000000
1125,23,group-design,"I'm good, working on the messenger project.",2026-07-20 21:56:00.000000
1126,40,group-design,Can you review my PR?,2026-07-20 22:46:00.000000
1127,30,dm-general,Great! Don't forget to add file sharing feature.,2026-07-20 07:38:00.000000
1128,13,group-design,Let's connect later.,2026-07-20 15:43:00.000000
1129,36,group-design,Meeting at 5?,2026-07-20 20:05:00.000000
1130,25,dm-general,Let's connect later.,2026-07-20 20:12:00.000000
1131,30,group-project,Meeting at 5?,2026-07-20 13:28:00.000000
1132,46,group-project,Meeting at 5?,2026-07-20 13:41:00.000000
1133,1,group-design,Can you review my PR?,2026-07-20 16:54:00.000000
1134,47,dm-general,"Sounds good, checking now.",2026-07-20 13:24:00.000000
1135,1,dm-general,No problem 👍,2026-07-20 11:33:00.000000
1136,43,dm-general,No problem 👍,2026-07-20 11:18:00.000000
1137,10,group-design,"Okay, sounds good.",2026-07-20 12:42:00.000000
1138,14,group-design,Meeting at 5?,2026-07-20 16:14:00.000000
1139,9,dm-general,Can you review my PR?,2026-07-20 10:16:00.000000
1140,4,group-project,Great! Don't forget to add file sharing feature.,2026-07-20 16:38:00.000000
1141,49,group-design,"Yep, see you then.",2026-07-21 20:17:00.000000
1142,37,group-design,"Okay, sounds good.",2026-07-21 07:36:00.000000
1143,23,dm-general,"Sure, I'll complete it today.",2026-07-21 21:41:00.000000
1144,38,group-project,No problem 👍,2026-07-21 07:12:00.000000
1145,48,group-design,"Okay, sounds good.",2026-07-21 10:37:00.000000
1146,17,group-project,"I'm good, working on the messenger project.",2026-07-21 18:50:00.000000
1147,22,group-project,"Sounds good, checking now.",2026-07-21 19:22:00.000000
1148,6,dm-general,"I'm good, working on the messenger project.",2026-07-21 08:32:00.000000
1149,46,group-project,No problem 👍,2026-07-21 11:15:00.000000
1150,43,group-design,Thanks for the update!,2026-07-21 16:25:00.000000
1151,31,group-project,Meeting at 5?,2026-07-21 14:04:00.000000
1152,30,group-project,Hey! How are you?,2026-07-21 17:54:00.000000
1153,39,group-project,"Sure, I'll complete it today.",2026-07-21 18:56:00.000000
1154,13,dm-general,Can you review my PR?,2026-07-21 19:48:00.000000
1155,5,group-design,Let's connect later.,2026-07-21 15:30:00.000000
1156,32,group-project,No problem 👍,2026-07-21 12:53:00.000000
1157,8,dm-general,Can you review my PR?,2026-07-21 07:34:00.000000
1158,17,dm-general,Meeting at 5?,2026-07-21 14:34:00.000000
1159,17,dm-general,"Okay, sounds good.",2026-07-21 13:38:00.000000
1160,8,dm-general,Great! Don't forget to add file sharing feature.,2026-07-21 11:32:00.000000
1161,34,dm-general,Meeting at 5?,2026-07-21 07:38:00.000000
1162,2,group-project,Great! Don't forget to add file sharing feature.,2026-07-21 18:51:00.000000
1163,11,group-design,Can you review my PR?,2026-07-21 13:58:00.000000
1164,4,dm-general,"Okay, sounds good.",2026-07-21 10:33:00.000000
1165,29,dm-general,Hey! How are you?,2026-07-21 15:07:00.000000
1166,45,dm-general,Let's connect later.,2026-07-21 20:21:00.000000
1167,4,group-project,"I'm good, working on the messenger project.",2026-07-21 10:35:00.000000
1168,39,group-project,Great! Don't forget to add file sharing feature.,2026-07-21 18:00:00.000000
1169,15,group-design,Thanks for the update!,2026-07-21 16:50:00.000000
1170,32,dm-general,"I'm good, working on the messenger project.",2026-07-21 21:44:00.000000
1171,9,group-project,Let's connect later.,2026-07-21 17:18:00.000000
1172,41,group-design,Great! Don't forget to add file sharing feature.,2026-07-21 13:34:00.000000
1173,22,dm-general,"Sounds good, checking now.",2026-07-21 16:17:00.000000
1174,42,group-design,Great! Don't forget to add file sharing feature.,2026-07-21 16:03:00.000000
1175,23,dm-general,"Okay, sounds good.",2026-07-21 10:02:00.000000
1176,5,group-design,"Okay, sounds good.",2026-07-21 10:17:00.000000
1177,42,group-project,"Okay, sounds good.",2026-07-21 09:13:00.000000
1178,9,dm-general,"Sure, I'll complete it today.",2026-07-21 20:20:00.000000
1179,28,group-project,"I'm good, working on the messenger project.",2026-07-21 20:52:00.000000
1180,24,group-design,"Sounds good, checking now.",2026-07-21 12:37:00.000000
1181,21,group-project,Let's connect later.,2026-07-21 07:57:00.000000
1182,25,group-design,"I'm good, working on the messenger project.",2026-07-21 21:36:00.000000
1183,7,dm-general,"Sounds good, checking now.",2026-07-21 07:43:00.000000
1184,16,group-design,No problem 👍,2026-07-21 12:33:00.000000
1185,28,group-design,"Sure, I'll complete it today.",2026-07-21 09:43:00.000000
1186,47,group-design,"Yep, see you then.",2026-07-21 09:38:00.000000
1187,13,group-design,"I'm good, working on the messenger project.",2026-07-21 13:17:00.000000
1188,43,dm-general,Meeting at 5?,2026-07-21 11:31:00.000000
1189,45,group-design,Thanks for the update!,2026-07-21 09:58:00.000000
1190,2,group-project,"Sounds good, checking now.",2026-07-21 08:51:00.000000
1191,19,group-design,Great! Don't forget to add file sharing feature.,2026-07-21 13:51:00.000000
1192,30,group-project,No problem 👍,2026-07-21 14:41:00.000000
1193,17,group-project,"Sure, I'll complete it today.",2026-07-21 07:59:00.000000
1194,13,group-project,Great! Don't forget to add file sharing feature.,2026-07-21 14:11:00.000000
1195,36,group-project,"Sure, I'll complete it today.",2026-07-21 22:33:00.000000
1196,48,group-project,Hey! How are you?,2026-07-21 21:51:00.000000
1197,5,group-project,"Sure, I'll complete it today.",2026-07-21 16:32:00.000000
1198,24,dm-general,"I'm good, working on the messenger project.",2026-07-21 22:25:00.000000
1199,25,group-project,No problem 👍,2026-07-21 13:19:00.000000
1200,14,group-design,"Sure, I'll complete it today.",2026-07-21 21:23:00.000000
1201,27,group-design,"Okay, sounds good.",2026-07-21 09:19:00.000000
1202,26,dm-general,Meeting at 5?,2026-07-21 11:32:00.000000
1203,18,group-project,"Yep, see you then.",2026-07-21 16:49:00.000000
1204,35,dm-general,"I'm good, working on the messenger project.",2026-07-21 14:10:00.000000
1205,38,dm-general,"Sounds good, checking now.",2026-07-21 11:32:00.000000
1206,46,dm-general,"Sounds good, checking now.",2026-07-21 12:29:00.000000
1207,27,group-design,"Okay, sounds good.",2026-07-21 12:55:00.000000
1208,13,group-project,Hey! How are you?,2026-07-21 21:21:00.000000
1209,20,dm-general,"Okay, sounds good.",2026-07-21 14:34:00.000000
1210,15,dm-general,No problem 👍,2026-07-21 08:21:00.000000
1211,24,group-design,Meeting at 5?,2026-07-21 17:05:00.000000
1212,17,group-project,Let's connect later.,2026-07-21 18:02:00.000000
1213,10,group-project,Hey! How are you?,2026-07-21 18:30:00.000000
1214,45,dm-general,Can you review my PR?,2026-07-21 12:34:00.000000
1215,44,dm-general,"Sure, I'll complete it today.",2026-07-21 08:23:00.000000
1216,29,group-design,No problem 👍,2026-07-21 13:36:00.000000
1217,9,dm-general,"Okay, sounds good.",2026-07-21 16:03:00.000000
1218,27,group-project,No problem 👍,2026-07-21 13:22:00.000000
1219,19,group-project,"Sounds good, checking now.",2026-07-21 18:07:00.000000
1220,22,group-project,Let's connect later.,2026-07-21 10:27:00.000000
1221,29,group-project,"Sure, I'll complete it today.",2026-07-21 18:26:00.000000
1222,6,dm-general,Hey! How are you?,2026-07-21 16:46:00.000000
1223,20,group-design,Thanks for the update!,2026-07-21 14:08:00.000000
1224,29,dm-general,No problem 👍,2026-07-21 22:43:00.000000
1225,5,dm-general,"Yep, see you then.",2026-07-21 09:26:00.000000
1226,32,group-project,"I'm good, working on the messenger project.",2026-07-21 10:32:00.000000
1227,15,dm-general,"I'm good, working on the messenger project.",2026-07-21 11:53:00.000000
1228,23,group-design,Can you review my PR?,2026-07-21 13:48:00.000000
1229,35,group-design,"Yep, see you then.",2026-07-21 11:25:00.000000
1230,26,group-design,"Sounds good, checking now.",2026-07-21 07:40:00.000000
1231,29,dm-general,"Sure, I'll complete it today.",2026-07-21 18:38:00.000000
1232,48,dm-general,Let's connect later.,2026-07-21 08:32:00.000000
1233,8,dm-general,Meeting at 5?,2026-07-21 14:06:00.000000
1234,43,group-design,No problem 👍,2026-07-21 07:37:00.000000
1235,40,group-project,"Okay, sounds good.",2026-07-22 18:15:00.000000
1236,46,group-design,Can you review my PR?,2026-07-22 10:38:00.000000
1237,1,dm-general,Can you review my PR?,2026-07-22 12:20:00.000000
1238,9,group-design,No problem 👍,2026-07-22 09:29:00.000000
1239,4,group-project,Hey! How are you?,2026-07-22 13:23:00.000000
1240,22,group-project,Let's connect later.,2026-07-22 19:48:00.000000
1241,16,dm-general,Thanks for the update!,2026-07-22 09:08:00.000000
1242,44,group-design,"Yep, see you then.",2026-07-22 15:02:00.000000
1243,48,dm-general,"Okay, sounds good.",2026-07-22 13:16:00.000000
1244,7,group-design,Great! Don't forget to add file sharing feature.,2026-07-22 20:16:00.000000
1245,44,group-design,No problem 👍,2026-07-22 20:33:00.000000
1246,1,group-project,Hey! How are you?,2026-07-22 12:19:00.000000
1247,50,dm-general,"Sounds good, checking now.",2026-07-22 11:02:00.000000
1248,37,group-design,"Yep, see you then.",2026-07-22 19:01:00.000000
1249,22,group-design,Great! Don't forget to add file sharing feature.,2026-07-22 14:53:00.000000
1250,45,group-project,"Sounds good, checking now.",2026-07-22 22:48:00.000000
1251,32,group-design,Great! Don't forget to add file sharing feature.,2026-07-22 17:04:00.000000
1252,28,group-project,Great! Don't forget to add file sharing feature.,2026-07-22 19:01:00.000000
1253,30,group-project,"Sounds good, checking now.",2026-07-22 10:26:00.000000
1254,3,dm-general,"Yep, see you then.",2026-07-22 10:53:00.000000
1255,32,group-project,"I'm good, working on the messenger project.",2026-07-22 16:49:00.000000
1256,10,group-design,Can you review my PR?,2026-07-22 14:41:00.000000
1257,1,group-design,Let's connect later.,2026-07-22 10:36:00.000000
1258,3,group-project,Great! Don't forget to add file sharing feature.,2026-07-22 22:00:00.000000
1259,10,dm-general,"Yep, see you then.",2026-07-22 14:36:00.000000
1260,8,group-project,Thanks for the update!,2026-07-22 15:26:00.000000
1261,6,group-design,"Okay, sounds good.",2026-07-22 22:39:00.000000
1262,34,group-design,Let's connect later.,2026-07-22 12:07:00.000000
1263,26,group-design,"Sure, I'll complete it today.",2026-07-22 12:33:00.000000
1264,40,group-project,Hey! How are you?,2026-07-22 21:49:00.000000
1265,10,group-project,"Sure, I'll complete it today.",2026-07-22 07:38:00.000000
1266,12,group-design,Thanks for the update!,2026-07-22 21:00:00.000000
1267,20,group-design,"I'm good, working on the messenger project.",2026-07-22 21:29:00.000000
1268,3,group-design,"Yep, see you then.",2026-07-22 09:23:00.000000
1269,34,dm-general,"Yep, see you then.",2026-07-22 21:57:00.000000
1270,21,dm-general,"Okay, sounds good.",2026-07-22 19:52:00.000000
1271,38,group-design,Thanks for the update!,2026-07-22 17:47:00.000000
1272,40,dm-general,"Okay, sounds good.",2026-07-22 21:53:00.000000
1273,10,dm-general,Hey! How are you?,2026-07-22 21:30:00.000000
1274,36,group-design,No problem 👍,2026-07-22 13:37:00.000000
1275,44,group-design,Let's connect later.,2026-07-22 11:42:00.000000
1276,11,group-project,Thanks for the update!,2026-07-22 18:18:00.000000
1277,24,group-design,No problem 👍,2026-07-22 16:58:00.000000
1278,15,group-design,Great! Don't forget to add file sharing feature.,2026-07-22 19:51:00.000000
1279,23,group-project,Great! Don't forget to add file sharing feature.,2026-07-22 22:54:00.000000
1280,30,group-project,"Sounds good, checking now.",2026-07-22 16:25:00.000000
1281,17,dm-general,No problem 👍,2026-07-22 17:10:00.000000
1282,29,dm-general,"I'm good, working on the messenger project.",2026-07-22 22:31:00.000000
1283,11,group-design,"Sure, I'll complete it today.",2026-07-22 12:32:00.000000
1284,7,group-project,"Sounds good, checking now.",2026-07-22 11:34:00.000000
1285,16,group-design,"Sure, I'll complete it today.",2026-07-22 09:28:00.000000
1286,39,group-project,No problem 👍,2026-07-22 14:29:00.000000
1287,6,group-design,Can you review my PR?,2026-07-22 20:04:00.000000
1288,5,group-design,"Okay, sounds good.",2026-07-22 07:44:00.000000
1289,9,group-design,Let's connect later.,2026-07-22 22:13:00.000000
1290,15,dm-general,Thanks for the update!,2026-07-22 13:00:00.000000
1291,34,dm-general,Let's connect later.,2026-07-22 14:31:00.000000
1292,48,group-design,"Sounds good, checking now.",2026-07-22 20:33:00.000000
1293,3,dm-general,Great! Don't forget to add file sharing feature.,2026-07-22 20:19:00.000000
1294,30,group-design,"Sure, I'll complete it today.",2026-07-22 15:01:00.000000
1295,12,dm-general,Meeting at 5?,2026-07-22 15:28:00.000000
1296,39,dm-general,"Okay, sounds good.",2026-07-22 17:48:00.000000
1297,41,group-project,"Okay, sounds good.",2026-07-22 07:49:00.000000
1298,18,group-design,No problem 👍,2026-07-22 17:40:00.000000
1299,15,dm-general,Meeting at 5?,2026-07-22 09:11:00.000000
1300,23,group-design,"Okay, sounds good.",2026-07-22 12:13:00.000000
1301,33,group-project,"Sure, I'll complete it today.",2026-07-22 17:11:00.000000
1302,34,group-project,Thanks for the update!,2026-07-22 17:22:00.000000
1303,25,group-project,Can you review my PR?,2026-07-22 08:45:00.000000
1304,16,group-project,Great! Don't forget to add file sharing feature.,2026-07-22 16:26:00.000000
1305,49,group-design,"Sure, I'll complete it today.",2026-07-22 09:05:00.000000
1306,39,group-project,"I'm good, working on the messenger project.",2026-07-22 09:04:00.000000
1307,19,group-project,Meeting at 5?,2026-07-22 15:16:00.000000
1308,49,dm-general,Great! Don't forget to add file sharing feature.,2026-07-22 08:33:00.000000
1309,22,group-project,"I'm good, working on the messenger project.",2026-07-22 16:07:00.000000
1310,40,group-project,Thanks for the update!,2026-07-22 14:19:00.000000
1311,6,group-project,No problem 👍,2026-07-22 15:57:00.000000
1312,12,group-design,No problem 👍,2026-07-22 17:53:00.000000
1313,21,group-design,Great! Don't forget to add file sharing feature.,2026-07-22 12:05:00.000000
1314,1,dm-general,Let's connect later.,2026-07-22 17:21:00.000000
1315,31,group-design,"I'm good, working on the messenger project.",2026-07-22 07:20:00.000000
1316,7,dm-general,"Sure, I'll complete it today.",2026-07-22 14:58:00.000000
1317,21,group-design,Meeting at 5?,2026-07-22 07:44:00.000000
1318,49,group-design,"Yep, see you then.",2026-07-22 08:48:00.000000
1319,22,dm-general,"Sounds good, checking now.",2026-07-22 07:19:00.000000
1320,23,group-design,Hey! How are you?,2026-07-22 15:12:00.000000
1321,6,dm-general,"I'm good, working on the messenger project.",2026-07-22 17:18:00.000000
1322,43,dm-general,Let's connect later.,2026-07-22 09:24:00.000000
1323,41,dm-general,"Okay, sounds good.",2026-07-22 13:33:00.000000
1324,14,group-design,Can you review my PR?,2026-07-22 12:33:00.000000
1325,19,group-design,"I'm good, working on the messenger project.",2026-07-22 20:46:00.000000
1326,29,group-project,No problem 👍,2026-07-22 12:17:00.000000
1327,42,group-design,"I'm good, working on the messenger project.",2026-07-22 09:24:00.000000
1328,22,group-design,"Yep, see you then.",2026-07-23 12:25:00.000000
1329,49,group-design,"Yep, see you then.",2026-07-23 08:10:00.000000
1330,48,group-design,No problem 👍,2026-07-23 13:37:00.000000
1331,46,group-design,Let's connect later.,2026-07-23 13:45:00.000000
1332,31,group-design,"I'm good, working on the messenger project.",2026-07-23 18:14:00.000000
1333,24,group-design,Let's connect later.,2026-07-23 19:38:00.000000
1334,17,group-project,"I'm good, working on the messenger project.",2026-07-23 21:47:00.000000
1335,48,dm-general,"Sounds good, checking now.",2026-07-23 11:14:00.000000
1336,24,dm-general,Great! Don't forget to add file sharing feature.,2026-07-23 15:57:00.000000
1337,49,group-project,Thanks for the update!,2026-07-23 19:27:00.000000
1338,33,group-project,"Okay, sounds good.",2026-07-23 19:59:00.000000
1339,46,group-design,"Okay, sounds good.",2026-07-23 11:44:00.000000
1340,16,dm-general,Let's connect later.,2026-07-23 16:22:00.000000
1341,19,group-design,"Okay, sounds good.",2026-07-23 17:25:00.000000
1342,2,group-design,"Okay, sounds good.",2026-07-23 14:06:00.000000
1343,35,group-design,Meeting at 5?,2026-07-23 17:09:00.000000
1344,44,dm-general,Meeting at 5?,2026-07-23 16:01:00.000000
1345,12,group-project,"I'm good, working on the messenger project.",2026-07-23 08:24:00.000000
1346,26,group-project,"Sure, I'll complete it today.",2026-07-23 22:00:00.000000
1347,10,group-design,"I'm good, working on the messenger project.",2026-07-23 09:18:00.000000
1348,35,group-project,Meeting at 5?,2026-07-23 22:04:00.000000
1349,50,dm-general,Thanks for the update!,2026-07-23 20:32:00.000000
1350,14,group-design,Great! Don't forget to add file sharing feature.,2026-07-23 20:31:00.000000
1351,24,group-design,No problem 👍,2026-07-23 13:08:00.000000
1352,40,group-design,Hey! How are you?,2026-07-23 19:46:00.000000
1353,42,group-project,No problem 👍,2026-07-23 10:04:00.000000
1354,42,dm-general,Hey! How are you?,2026-07-23 11:04:00.000000
1355,18,group-design,Thanks for the update!,2026-07-23 17:13:00.000000
1356,12,dm-general,"Okay, sounds good.",2026-07-23 15:25:00.000000
1357,4,group-design,Thanks for the update!,2026-07-23 13:24:00.000000
1358,32,group-design,"Sounds good, checking now.",2026-07-23 15:32:00.000000
1359,31,dm-general,Let's connect later.,2026-07-23 13:18:00.000000
1360,11,dm-general,Great! Don't forget to add file sharing feature.,2026-07-23 10:52:00.000000
1361,38,dm-general,"Yep, see you then.",2026-07-23 12:56:00.000000
1362,39,group-design,No problem 👍,2026-07-23 11:39:00.000000
1363,22,group-project,Meeting at 5?,2026-07-23 11:24:00.000000
1364,23,group-project,No problem 👍,2026-07-23 21:21:00.000000
1365,47,group-project,No problem 👍,2026-07-23 11:13:00.000000
1366,2,dm-general,"Yep, see you then.",2026-07-23 13:25:00.000000
1367,42,dm-general,Can you review my PR?,2026-07-23 19:21:00.000000
1368,18,group-design,Great! Don't forget to add file sharing feature.,2026-07-23 13:04:00.000000
1369,2,group-design,"Okay, sounds good.",2026-07-23 10:43:00.000000
1370,21,group-project,"I'm good, working on the messenger project.",2026-07-23 07:15:00.000000
1371,23,group-design,Can you review my PR?,2026-07-23 07:47:00.000000
1372,16,group-design,Hey! How are you?,2026-07-23 18:20:00.000000
1373,6,group-design,"Okay, sounds good.",2026-07-23 20:14:00.000000
1374,7,group-design,"Sure, I'll complete it today.",2026-07-23 19:36:00.000000
1375,5,group-project,Hey! How are you?,2026-07-23 16:01:00.000000
1376,8,group-project,Meeting at 5?,2026-07-23 19:13:00.000000
1377,29,group-project,Can you review my PR?,2026-07-23 09:33:00.000000
1378,45,group-project,Hey! How are you?,2026-07-23 12:19:00.000000
1379,25,group-project,"I'm good, working on the messenger project.",2026-07-23 20:30:00.000000
1380,16,dm-general,"Yep, see you then.",2026-07-23 18:47:00.000000
1381,34,dm-general,"Okay, sounds good.",2026-07-23 12:04:00.000000
1382,35,group-project,"Sure, I'll complete it today.",2026-07-23 11:14:00.000000
1383,25,group-project,Meeting at 5?,2026-07-23 07:48:00.000000
1384,39,dm-general,"Sure, I'll complete it today.",2026-07-23 15:26:00.000000
1385,23,group-design,No problem 👍,2026-07-23 21:15:00.000000
1386,20,dm-general,"Yep, see you then.",2026-07-23 07:58:00.000000
1387,42,group-design,"Sure, I'll complete it today.",2026-07-23 19:50:00.000000
1388,26,group-project,"Sounds good, checking now.",2026-07-23 21:27:00.000000
1389,4,group-project,Can you review my PR?,2026-07-23 09:21:00.000000
1390,35,group-design,"I'm good, working on the messenger project.",2026-07-23 15:48:00.000000
1391,6,dm-general,Hey! How are you?,2026-07-23 22:33:00.000000
1392,5,dm-general,"I'm good, working on the messenger project.",2026-07-23 20:07:00.000000
1393,49,group-project,Let's connect later.,2026-07-23 07:47:00.000000
1394,12,dm-general,Meeting at 5?,2026-07-23 08:23:00.000000
1395,4,group-design,Thanks for the update!,2026-07-23 12:41:00.000000
1396,13,dm-general,"Okay, sounds good.",2026-07-23 15:49:00.000000
1397,36,group-project,Can you review my PR?,2026-07-23 20:23:00.000000
1398,30,dm-general,Great! Don't forget to add file sharing feature.,2026-07-23 09:27:00.000000
1399,20,dm-general,"Sounds good, checking now.",2026-07-23 12:40:00.000000
1400,41,group-project,"Okay, sounds good.",2026-07-23 13:52:00.000000
1401,30,group-project,Hey! How are you?,2026-07-23 20:49:00.000000
1402,10,dm-general,"Okay, sounds good.",2026-07-23 21:28:00.000000
1403,35,dm-general,Meeting at 5?,2026-07-23 22:01:00.000000
1404,49,dm-general,Thanks for the update!,2026-07-23 15:31:00.000000
1405,2,group-project,"Sounds good, checking now.",2026-07-23 08:38:00.000000
1406,22,group-project,"Sounds good, checking now.",2026-07-23 11:14:00.000000
1407,41,group-project,"Sounds good, checking now.",2026-07-23 12:14:00.000000
1408,36,group-project,"Sure, I'll complete it today.",2026-07-23 17:59:00.000000
1409,46,dm-general,"Yep, see you then.",2026-07-23 14:08:00.000000
1410,13,group-design,"Okay, sounds good.",2026-07-23 08:21:00.000000
1411,47,group-project,"Yep, see you then.",2026-07-23 19:26:00.000000
1412,40,group-project,Let's connect later.,2026-07-23 14:45:00.000000
1413,39,group-design,Thanks for the update!,2026-07-23 08:23:00.000000
1414,15,group-project,Hey! How are you?,2026-07-23 07:29:00.000000
1415,15,dm-general,Thanks for the update!,2026-07-23 09:38:00.000000
1416,11,dm-general,"Sure, I'll complete it today.",2026-07-23 14:30:00.000000
1417,47,group-project,Thanks for the update!,2026-07-23 07:34:00.000000
1418,2,group-project,Meeting at 5?,2026-07-23 09:41:00.000000
1419,41,dm-general,Let's connect later.,2026-07-23 21:51:00.000000
1420,41,dm-general,Let's connect later.,2026-07-23 08:28:00.000000
1421,27,dm-general,"Sure, I'll complete it today.",2026-07-23 21:19:00.000000
1422,47,group-project,Can you review my PR?,2026-07-23 13:41:00.000000
1423,20,dm-general,Let's connect later.,2026-07-23 08:29:00.000000
1424,23,dm-general,Can you review my PR?,2026-07-23 16:54:00.000000
1425,15,group-design,"Okay, sounds good.",2026-07-23 08:39:00.000000
1426,41,group-project,"I'm good, working on the messenger project.",2026-07-23 10:16:00.000000
1427,3,group-design,"Yep, see you then.",2026-07-23 16:11:00.000000
1428,50,dm-general,"Yep, see you then.",2026-07-24 16:18:00.000000
1429,31,group-project,Great! Don't forget to add file sharing feature.,2026-07-24 22:20:00.000000
1430,13,group-project,Great! Don't forget to add file sharing feature.,2026-07-24 12:54:00.000000
1431,44,dm-general,"Sounds good, checking now.",2026-07-24 20:42:00.000000
1432,41,group-design,"I'm good, working on the messenger project.",2026-07-24 11:08:00.000000
1433,7,group-project,Thanks for the update!,2026-07-24 08:46:00.000000
1434,40,group-project,Can you review my PR?,2026-07-24 14:59:00.000000
1435,49,dm-general,"Sounds good, checking now.",2026-07-24 13:03:00.000000
1436,4,dm-general,"I'm good, working on the messenger project.",2026-07-24 08:46:00.000000
1437,16,group-project,Can you review my PR?,2026-07-24 17:18:00.000000
1438,38,group-project,Hey! How are you?,2026-07-24 13:16:00.000000
1439,50,dm-general,Can you review my PR?,2026-07-24 14:42:00.000000
1440,48,group-design,Can you review my PR?,2026-07-24 15:23:00.000000
1441,24,group-project,Hey! How are you?,2026-07-24 08:38:00.000000
1442,6,group-project,"I'm good, working on the messenger project.",2026-07-24 22:51:00.000000
1443,49,dm-general,Let's connect later.,2026-07-24 13:02:00.000000
1444,45,group-project,"Sure, I'll complete it today.",2026-07-24 12:33:00.000000
1445,44,group-project,"Sure, I'll complete it today.",2026-07-24 20:27:00.000000
1446,8,dm-general,"Yep, see you then.",2026-07-24 19:30:00.000000
1447,42,group-project,No problem 👍,2026-07-24 20:52:00.000000
1448,20,group-project,"Sure, I'll complete it today.",2026-07-24 21:46:00.000000
1449,21,group-design,Meeting at 5?,2026-07-24 22:42:00.000000
1450,5,group-design,Hey! How are you?,2026-07-24 22:20:00.000000
1451,2,dm-general,"Yep, see you then.",2026-07-24 17:04:00.000000
1452,5,group-design,Meeting at 5?,2026-07-24 13:58:00.000000
1453,50,dm-general,Can you review my PR?,2026-07-24 14:57:00.000000
1454,1,group-design,Can you review my PR?,2026-07-24 14:09:00.000000
1455,50,group-project,Thanks for the update!,2026-07-24 20:01:00.000000
1456,21,dm-general,Hey! How are you?,2026-07-24 17:53:00.000000
1457,26,group-project,Hey! How are you?,2026-07-24 08:14:00.000000
1458,16,group-design,Thanks for the update!,2026-07-24 22:19:00.000000
1459,49,dm-general,"Sounds good, checking now.",2026-07-24 12:37:00.000000
1460,5,group-design,"Okay, sounds good.",2026-07-24 20:01:00.000000
1461,41,group-project,Let's connect later.,2026-07-24 08:26:00.000000
1462,23,group-project,No problem 👍,2026-07-24 14:49:00.000000
1463,45,dm-general,"I'm good, working on the messenger project.",2026-07-24 15:00:00.000000
1464,44,dm-general,"Okay, sounds good.",2026-07-24 07:08:00.000000
1465,29,group-design,"Sounds good, checking now.",2026-07-24 08:59:00.000000
1466,32,group-project,Meeting at 5?,2026-07-24 07:21:00.000000
1467,18,dm-general,"Sounds good, checking now.",2026-07-24 16:55:00.000000
1468,7,group-project,"Yep, see you then.",2026-07-24 14:29:00.000000
1469,2,group-project,Can you review my PR?,2026-07-24 07:05:00.000000
1470,34,group-project,Can you review my PR?,2026-07-24 11:40:00.000000
1471,4,dm-general,"Yep, see you then.",2026-07-24 15:45:00.000000
1472,24,group-design,"Yep, see you then.",2026-07-24 09:02:00.000000
1473,40,group-project,"Sure, I'll complete it today.",2026-07-24 22:31:00.000000
1474,44,dm-general,"I'm good, working on the messenger project.",2026-07-24 19:11:00.000000
1475,37,group-design,Meeting at 5?,2026-07-24 15:13:00.000000
1476,25,dm-general,"Yep, see you then.",2026-07-24 20:35:00.000000
1477,35,group-design,"Okay, sounds good.",2026-07-24 07:32:00.000000
1478,23,group-project,"Sounds good, checking now.",2026-07-24 22:05:00.000000
1479,20,group-design,"Yep, see you then.",2026-07-24 07:09:00.000000
1480,10,dm-general,Let's connect later.,2026-07-24 17:00:00.000000
1481,49,group-project,Let's connect later.,2026-07-24 15:51:00.000000
1482,23,group-project,Great! Don't forget to add file sharing feature.,2026-07-24 18:42:00.000000
1483,4,group-design,"Okay, sounds good.",2026-07-24 15:45:00.000000
1484,1,dm-general,Great! Don't forget to add file sharing feature.,2026-07-24 21:11:00.000000
1485,3,group-project,"Okay, sounds good.",2026-07-24 15:38:00.000000
1486,20,group-project,"Yep, see you then.",2026-07-24 16:26:00.000000
1487,35,group-project,"Okay, sounds good.",2026-07-24 13:43:00.000000
1488,2,dm-general,Thanks for the update!,2026-07-24 19:41:00.000000
1489,39,group-design,"I'm good, working on the messenger project.",2026-07-24 20:04:00.000000
1490,6,group-design,"Okay, sounds good.",2026-07-24 16:02:00.000000
1491,5,dm-general,"Sounds good, checking now.",2026-07-24 19:52:00.000000
1492,40,group-design,"I'm good, working on the messenger project.",2026-07-24 11:28:00.000000
1493,31,dm-general,"Okay, sounds good.",2026-07-24 17:45:00.000000
1494,43,group-project,Let's connect later.,2026-07-24 12:16:00.000000
1495,14,group-design,"I'm good, working on the messenger project.",2026-07-24 10:41:00.000000
1496,29,group-design,No problem 👍,2026-07-24 21:02:00.000000
1497,4,dm-general,Meeting at 5?,2026-07-24 13:33:00.000000
1498,3,dm-general,Great! Don't forget to add file sharing feature.,2026-07-24 10:38:00.000000
1499,6,dm-general,"Sure, I'll complete it today.",2026-07-24 07:32:00.000000
1500,37,group-project,Can you review my PR?,2026-07-24 16:44:00.000000
1501,47,dm-general,Can you review my PR?,2026-07-24 22:01:00.000000
1502,8,dm-general,No problem 👍,2026-07-24 16:34:00.000000
1503,36,group-design,"I'm good, working on the messenger project.",2026-07-24 19:06:00.000000
1504,27,group-project,"Okay, sounds good.",2026-07-24 08:42:00.000000
1505,18,dm-general,Great! Don't forget to add file sharing feature.,2026-07-24 11:59:00.000000
1506,30,group-design,Meeting at 5?,2026-07-24 11:48:00.000000
1507,27,group-design,"Yep, see you then.",2026-07-24 08:53:00.000000
1508,36,group-project,Can you review my PR?,2026-07-24 11:40:00.000000
1509,32,group-project,"Sounds good, checking now.",2026-07-24 12:32:00.000000
1510,23,group-project,"Sure, I'll complete it today.",2026-07-24 15:16:00.000000
1511,10,group-design,"Yep, see you then.",2026-07-24 15:53:00.000000
1512,8,group-project,Let's connect later.,2026-07-24 21:54:00.000000
1513,20,dm-general,Can you review my PR?,2026-07-24 16:04:00.000000
1514,23,group-project,Meeting at 5?,2026-07-24 20:53:00.000000
1515,14,dm-general,Hey! How are you?,2026-07-24 09:59:00.000000
1516,44,group-project,"Sounds good, checking now.",2026-07-24 12:37:00.000000
1517,8,group-project,No problem 👍,2026-07-25 10:54:00.000000
1518,4,group-project,"I'm good, working on the messenger project.",2026-07-25 20:04:00.000000
1519,42,dm-general,Can you review my PR?,2026-07-25 08:31:00.000000
1520,32,dm-general,Let's connect later.,2026-07-25 16:01:00.000000
1521,33,group-project,"Sure, I'll complete it today.",2026-07-25 08:51:00.000000
1522,22,group-design,"Sure, I'll complete it today.",2026-07-25 19:38:00.000000
1523,15,dm-general,"Sure, I'll complete it today.",2026-07-25 15:57:00.000000
1524,2,group-design,Great! Don't forget to add file sharing feature.,2026-07-25 21:56:00.000000
1525,40,dm-general,Let's connect later.,2026-07-25 17:25:00.000000
1526,45,dm-general,Meeting at 5?,2026-07-25 15:46:00.000000
1527,3,group-design,Meeting at 5?,2026-07-25 13:18:00.000000
1528,21,dm-general,Great! Don't forget to add file sharing feature.,2026-07-25 12:02:00.000000
1529,47,group-project,Meeting at 5?,2026-07-25 12:22:00.000000
1530,14,group-project,Can you review my PR?,2026-07-25 16:31:00.000000
1531,7,dm-general,Great! Don't forget to add file sharing feature.,2026-07-25 18:57:00.000000
1532,50,group-project,"Okay, sounds good.",2026-07-25 13:37:00.000000
1533,41,group-design,Great! Don't forget to add file sharing feature.,2026-07-25 07:08:00.000000
1534,9,group-design,Let's connect later.,2026-07-25 19:49:00.000000
1535,22,group-project,"Sure, I'll complete it today.",2026-07-25 21:30:00.000000
1536,25,group-project,"Sure, I'll complete it today.",2026-07-25 19:58:00.000000
1537,34,group-project,"Okay, sounds good.",2026-07-25 14:55:00.000000
1538,28,group-project,"I'm good, working on the messenger project.",2026-07-25 12:51:00.000000
1539,34,dm-general,Let's connect later.,2026-07-25 13:28:00.000000
1540,10,group-project,Meeting at 5?,2026-07-25 16:35:00.000000
1541,28,dm-general,"I'm good, working on the messenger project.",2026-07-25 20:53:00.000000
1542,12,group-project,Thanks for the update!,2026-07-25 14:28:00.000000
1543,42,group-design,"Sure, I'll complete it today.",2026-07-25 19:22:00.000000
1544,9,group-design,"Yep, see you then.",2026-07-25 09:09:00.000000
1545,1,group-design,Meeting at 5?,2026-07-25 22:37:00.000000
1546,3,group-design,Great! Don't forget to add file sharing feature.,2026-07-25 10:40:00.000000
1547,16,dm-general,Thanks for the update!,2026-07-25 12:57:00.000000
1548,2,dm-general,"Sounds good, checking now.",2026-07-25 17:48:00.000000
1549,34,dm-general,Let's connect later.,2026-07-25 12:24:00.000000
1550,44,group-design,"Yep, see you then.",2026-07-25 17:43:00.000000
1551,21,dm-general,Thanks for the update!,2026-07-25 12:33:00.000000
1552,37,group-project,"Yep, see you then.",2026-07-25 09:45:00.000000
1553,45,dm-general,"Sure, I'll complete it today.",2026-07-25 12:05:00.000000
1554,15,group-design,Let's connect later.,2026-07-25 15:26:00.000000
1555,39,group-design,Hey! How are you?,2026-07-25 09:06:00.000000
1556,42,group-design,No problem 👍,2026-07-25 18:17:00.000000
1557,20,group-design,No problem 👍,2026-07-25 15:55:00.000000
1558,24,dm-general,"Yep, see you then.",2026-07-25 15:35:00.000000
1559,45,dm-general,Can you review my PR?,2026-07-25 07:11:00.000000
1560,8,group-design,"Sure, I'll complete it today.",2026-07-25 10:15:00.000000
1561,48,group-design,Meeting at 5?,2026-07-25 18:31:00.000000
1562,31,dm-general,Meeting at 5?,2026-07-25 10:20:00.000000
1563,16,dm-general,Thanks for the update!,2026-07-25 17:12:00.000000
1564,9,group-project,"Sure, I'll complete it today.",2026-07-25 16:50:00.000000
1565,14,group-project,Can you review my PR?,2026-07-25 18:17:00.000000
1566,10,dm-general,"Okay, sounds good.",2026-07-25 13:40:00.000000
1567,50,group-project,"Yep, see you then.",2026-07-25 14:07:00.000000
1568,21,group-design,Great! Don't forget to add file sharing feature.,2026-07-25 17:50:00.000000
1569,48,group-design,"Sure, I'll complete it today.",2026-07-25 07:30:00.000000
1570,17,dm-general,Let's connect later.,2026-07-25 22:34:00.000000
1571,18,group-project,Hey! How are you?,2026-07-25 21:15:00.000000
1572,42,dm-general,"Yep, see you then.",2026-07-25 19:42:00.000000
1573,8,group-design,Meeting at 5?,2026-07-25 20:41:00.000000
1574,48,dm-general,Let's connect later.,2026-07-25 18:13:00.000000
1575,15,group-design,"I'm good, working on the messenger project.",2026-07-25 17:25:00.000000
1576,44,dm-general,Great! Don't forget to add file sharing feature.,2026-07-25 10:26:00.000000
1577,45,dm-general,Let's connect later.,2026-07-25 12:30:00.000000
1578,25,dm-general,Can you review my PR?,2026-07-25 16:34:00.000000
1579,50,group-design,"Sounds good, checking now.",2026-07-25 19:49:00.000000
1580,32,group-design,No problem 👍,2026-07-25 10:04:00.000000
1581,15,group-project,"Yep, see you then.",2026-07-25 22:36:00.000000
1582,15,group-project,"Okay, sounds good.",2026-07-25 20:35:00.000000
1583,44,group-project,Meeting at 5?,2026-07-26 21:35:00.000000
1584,22,group-project,Great! Don't forget to add file sharing feature.,2026-07-26 08:23:00.000000
1585,30,group-project,"Yep, see you then.",2026-07-26 20:36:00.000000
1586,47,dm-general,"Sounds good, checking now.",2026-07-26 08:02:00.000000
1587,29,dm-general,No problem 👍,2026-07-26 22:05:00.000000
1588,32,dm-general,"Okay, sounds good.",2026-07-26 10:25:00.000000
1589,8,group-project,Can you review my PR?,2026-07-26 20:53:00.000000
1590,23,group-project,Hey! How are you?,2026-07-26 21:46:00.000000
1591,40,group-project,"Sure, I'll complete it today.",2026-07-26 07:41:00.000000
1592,37,dm-general,Hey! How are you?,2026-07-26 14:44:00.000000
1593,24,dm-general,Hey! How are you?,2026-07-26 15:21:00.000000
1594,10,dm-general,Can you review my PR?,2026-07-26 19:54:00.000000
1595,44,group-project,Can you review my PR?,2026-07-26 17:13:00.000000
1596,4,group-project,Great! Don't forget to add file sharing feature.,2026-07-26 21:57:00.000000
1597,39,dm-general,"Okay, sounds good.",2026-07-26 12:44:00.000000
1598,17,group-design,Let's connect later.,2026-07-26 17:55:00.000000
1599,27,group-project,Hey! How are you?,2026-07-26 15:03:00.000000
1600,50,group-design,"I'm good, working on the messenger project.",2026-07-26 10:38:00.000000
1601,3,group-project,"Sure, I'll complete it today.",2026-07-26 20:30:00.000000
1602,32,group-project,"Okay, sounds good.",2026-07-26 18:38:00.000000
1603,49,group-design,Let's connect later.,2026-07-26 10:12:00.000000
1604,41,group-design,"Sounds good, checking now.",2026-07-26 11:10:00.000000
1605,38,dm-general,"Okay, sounds good.",2026-07-26 19:08:00.000000
1606,8,group-design,"Yep, see you then.",2026-07-26 17:19:00.000000
1607,39,dm-general,Meeting at 5?,2026-07-26 19:40:00.000000
1608,41,dm-general,"I'm good, working on the messenger project.",2026-07-26 14:37:00.000000
1609,9,dm-general,"I'm good, working on the messenger project.",2026-07-26 13:37:00.000000
1610,32,dm-general,Thanks for the update!,2026-07-26 18:57:00.000000
1611,14,dm-general,"Okay, sounds good.",2026-07-26 07:13:00.000000
1612,19,dm-general,No problem 👍,2026-07-26 18:06:00.000000
1613,16,group-design,"Sure, I'll complete it today.",2026-07-26 15:17:00.000000
1614,33,group-design,Great! Don't forget to add file sharing feature.,2026-07-26 12:45:00.000000
1615,42,dm-general,No problem 👍,2026-07-26 11:13:00.000000
1616,27,dm-general,"Yep, see you then.",2026-07-26 07:01:00.000000
1617,23,group-project,"Okay, sounds good.",2026-07-26 19:44:00.000000
1618,17,group-design,"Sure, I'll complete it today.",2026-07-26 19:13:00.000000
1619,47,group-design,Great! Don't forget to add file sharing feature.,2026-07-26 10:34:00.000000
1620,22,dm-general,"Okay, sounds good.",2026-07-26 19:37:00.000000
1621,39,group-project,No problem 👍,2026-07-26 09:35:00.000000
1622,48,group-design,Hey! How are you?,2026-07-26 22:07:00.000000
1623,13,group-design,No problem 👍,2026-07-26 11:35:00.000000
1624,23,dm-general,"Sounds good, checking now.",2026-07-26 13:40:00.000000
1625,49,group-design,Hey! How are you?,2026-07-26 22:18:00.000000
1626,36,group-design,No problem 👍,2026-07-26 12:00:00.000000
1627,39,dm-general,"Okay, sounds good.",2026-07-26 11:43:00.000000
1628,30,dm-general,"Yep, see you then.",2026-07-26 17:19:00.000000
1629,41,dm-general,No problem 👍,2026-07-26 13:34:00.000000
1630,40,group-design,Thanks for the update!,2026-07-26 16:29:00.000000
1631,26,group-design,Thanks for the update!,2026-07-26 20:07:00.000000
1632,48,group-design,Thanks for the update!,2026-07-26 07:09:00.000000
1633,46,dm-general,Meeting at 5?,2026-07-26 18:46:00.000000
1634,1,group-design,Great! Don't forget to add file sharing feature.,2026-07-26 22:32:00.000000
1635,10,dm-general,Hey! How are you?,2026-07-26 13:30:00.000000
1636,28,group-project,Great! Don't forget to add file sharing feature.,2026-07-26 19:12:00.000000
1637,5,group-project,"Yep, see you then.",2026-07-26 10:03:00.000000
1638,16,dm-general,"I'm good, working on the messenger project.",2026-07-26 09:45:00.000000
1639,31,dm-general,Hey! How are you?,2026-07-26 11:09:00.000000
1640,46,dm-general,"Okay, sounds good.",2026-07-26 14:07:00.000000
1641,29,group-design,Great! Don't forget to add file sharing feature.,2026-07-26 09:11:00.000000
1642,1,dm-general,"Sounds good, checking now.",2026-07-26 16:31:00.000000
1643,14,dm-general,"Yep, see you then.",2026-07-26 15:07:00.000000
1644,9,group-design,Thanks for the update!,2026-07-26 07:00:00.000000
1645,22,group-design,Hey! How are you?,2026-07-26 21:44:00.000000
1646,3,dm-general,"Yep, see you then.",2026-07-26 14:51:00.000000
1647,2,group-project,Meeting at 5?,2026-07-26 20:52:00.000000
1648,20,dm-general,"Sure, I'll complete it today.",2026-07-26 10:14:00.000000
1649,9,dm-general,No problem 👍,2026-07-26 11:50:00.000000
1650,37,group-project,"Yep, see you then.",2026-07-26 12:30:00.000000
1651,28,dm-general,"Sure, I'll complete it today.",2026-07-26 12:22:00.000000
1652,32,dm-general,Great! Don't forget to add file sharing feature.,2026-07-27 13:32:00.000000
1653,47,dm-general,No problem 👍,2026-07-27 10:29:00.000000
1654,1,group-project,Let's connect later.,2026-07-27 11:07:00.000000
1655,25,group-project,"Sounds good, checking now.",2026-07-27 08:15:00.000000
1656,25,group-design,Thanks for the update!,2026-07-27 22:50:00.000000
1657,27,group-project,Let's connect later.,2026-07-27 21:47:00.000000
1658,3,dm-general,"Okay, sounds good.",2026-07-27 20:51:00.000000
1659,36,dm-general,Thanks for the update!,2026-07-27 10:02:00.000000
1660,8,group-design,"Sure, I'll complete it today.",2026-07-27 11:50:00.000000
1661,49,group-design,"Sounds good, checking now.",2026-07-27 20:35:00.000000
1662,48,group-project,Thanks for the update!,2026-07-27 17:51:00.000000
1663,1,dm-general,Thanks for the update!,2026-07-27 08:07:00.000000
1664,5,group-design,Thanks for the update!,2026-07-27 14:30:00.000000
1665,2,group-design,"Sure, I'll complete it today.",2026-07-27 13:36:00.000000
1666,20,dm-general,"Sure, I'll complete it today.",2026-07-27 19:24:00.000000
1667,47,group-project,"Okay, sounds good.",2026-07-27 12:41:00.000000
1668,9,group-project,"Yep, see you then.",2026-07-27 20:57:00.000000
1669,45,group-project,"Sure, I'll complete it today.",2026-07-27 12:25:00.000000
1670,31,dm-general,"Sure, I'll complete it today.",2026-07-27 09:07:00.000000
1671,25,group-design,"Yep, see you then.",2026-07-27 12:00:00.000000
1672,30,group-project,No problem 👍,2026-07-27 09:11:00.000000
1673,11,group-design,Can you review my PR?,2026-07-27 07:34:00.000000
1674,27,dm-general,"Okay, sounds good.",2026-07-27 10:34:00.000000
1675,9,group-project,Hey! How are you?,2026-07-27 10:09:00.000000
1676,27,dm-general,"I'm good, working on the messenger project.",2026-07-27 09:13:00.000000
1677,11,dm-general,"Yep, see you then.",2026-07-27 12:26:00.000000
1678,25,dm-general,Meeting at 5?,2026-07-27 08:06:00.000000
1679,28,group-project,Great! Don't forget to add file sharing feature.,2026-07-27 14:34:00.000000
1680,38,group-project,Great! Don't forget to add file sharing feature.,2026-07-27 15:38:00.000000
1681,2,group-project,"Sure, I'll complete it today.",2026-07-27 15:26:00.000000
1682,13,dm-general,Great! Don't forget to add file sharing feature.,2026-07-27 10:42:00.000000
1683,38,dm-general,"Okay, sounds good.",2026-07-27 16:59:00.000000
1684,6,dm-general,Let's connect later.,2026-07-27 19:48:00.000000
1685,46,group-design,Meeting at 5?,2026-07-27 08:26:00.000000
1686,8,group-project,"Yep, see you then.",2026-07-27 19:00:00.000000
1687,7,group-project,Let's connect later.,2026-07-27 12:11:00.000000
1688,1,dm-general,Can you review my PR?,2026-07-27 09:20:00.000000
1689,35,dm-general,Let's connect later.,2026-07-27 11:00:00.000000
1690,39,group-project,"I'm good, working on the messenger project.",2026-07-27 20:27:00.000000
1691,42,dm-general,"Okay, sounds good.",2026-07-27 19:44:00.000000
1692,50,group-project,Hey! How are you?,2026-07-27 13:15:00.000000
1693,46,group-design,Hey! How are you?,2026-07-27 07:09:00.000000
1694,39,group-design,Meeting at 5?,2026-07-27 20:55:00.000000
1695,29,dm-general,"Yep, see you then.",2026-07-27 11:20:00.000000
1696,42,dm-general,"Okay, sounds good.",2026-07-27 21:14:00.000000
1697,2,group-design,"Sure, I'll complete it today.",2026-07-27 21:49:00.000000
1698,32,group-project,Can you review my PR?,2026-07-27 17:43:00.000000
1699,35,group-design,"Okay, sounds good.",2026-07-27 11:03:00.000000
1700,24,group-project,No problem 👍,2026-07-27 07:22:00.000000
1701,12,dm-general,Meeting at 5?,2026-07-27 14:23:00.000000
1702,26,group-design,"Yep, see you then.",2026-07-27 07:59:00.000000
1703,21,dm-general,Can you review my PR?,2026-07-27 20:05:00.000000
1704,46,dm-general,"Sounds good, checking now.",2026-07-27 20:46:00.000000
1705,30,group-project,Great! Don't forget to add file sharing feature.,2026-07-27 12:32:00.000000
1706,23,group-design,"Sounds good, checking now.",2026-07-27 13:02:00.000000
1707,48,group-project,"Okay, sounds good.",2026-07-27 09:09:00.000000
1708,49,group-project,Let's connect later.,2026-07-27 07:23:00.000000
1709,25,group-project,"Sounds good, checking now.",2026-07-27 12:08:00.000000
1710,22,group-design,Can you review my PR?,2026-07-27 22:48:00.000000
1711,10,group-design,No problem 👍,2026-07-27 18:12:00.000000
1712,21,group-project,"I'm good, working on the messenger project.",2026-07-27 18:06:00.000000
1713,14,group-design,"Sure, I'll complete it today.",2026-07-27 22:51:00.000000
1714,26,group-design,"Sounds good, checking now.",2026-07-27 10:43:00.000000
1715,12,group-project,"Sure, I'll complete it today.",2026-07-27 20:36:00.000000
1716,22,group-project,Thanks for the update!,2026-07-27 08:35:00.000000
1717,3,dm-general,"I'm good, working on the messenger project.",2026-07-27 16:45:00.000000
1718,7,dm-general,"Sure, I'll complete it today.",2026-07-27 21:40:00.000000
1719,26,group-design,Let's connect later.,2026-07-27 15:21:00.000000
1720,22,group-project,"Sounds good, checking now.",2026-07-27 12:01:00.000000
1721,21,group-design,Great! Don't forget to add file sharing feature.,2026-07-27 18:46:00.000000
1722,17,group-design,Hey! How are you?,2026-07-27 18:52:00.000000
1723,2,group-design,"Sure, I'll complete it today.",2026-07-27 16:40:00.000000
1724,10,dm-general,"Sure, I'll complete it today.",2026-07-27 21:36:00.000000
1725,37,group-project,"Sure, I'll complete it today.",2026-07-27 16:11:00.000000
1726,10,group-project,"I'm good, working on the messenger project.",2026-07-27 12:03:00.000000
1727,12,dm-general,Thanks for the update!,2026-07-27 08:15:00.000000
1728,15,group-project,"Okay, sounds good.",2026-07-27 18:52:00.000000
1729,22,group-project,Meeting at 5?,2026-07-27 13:53:00.000000
1730,40,group-design,"Yep, see you then.",2026-07-27 11:06:00.000000
1731,41,group-design,"Sounds good, checking now.",2026-07-27 15:13:00.000000
1732,12,group-project,Meeting at 5?,2026-07-27 08:40:00.000000
1733,25,group-design,Great! Don't forget to add file sharing feature.,2026-07-27 16:10:00.000000
1734,46,group-project,Great! Don't forget to add file sharing feature.,2026-07-27 09:13:00.000000
1735,25,group-project,"Sounds good, checking now.",2026-07-27 15:28:00.000000
1736,25,group-project,Great! Don't forget to add file sharing feature.,2026-07-27 12:42:00.000000
1737,50,dm-general,Can you review my PR?,2026-07-27 20:36:00.000000
1738,26,dm-general,"Yep, see you then.",2026-07-27 12:08:00.000000
1739,49,dm-general,"Sure, I'll complete it today.",2026-07-27 16:39:00.000000
1740,49,dm-general,Great! Don't forget to add file sharing feature.,2026-07-27 22:29:00.000000
1741,28,dm-general,Thanks for the update!,2026-07-27 22:20:00.000000
1742,50,group-design,Can you review my PR?,2026-07-27 17:22:00.000000
1743,42,group-project,"Sounds good, checking now.",2026-07-27 21:45:00.000000
1744,6,dm-general,"I'm good, working on the messenger project.",2026-07-27 18:15:00.000000
1745,27,dm-general,"Okay, sounds good.",2026-07-27 15:30:00.000000
1746,34,group-project,"Yep, see you then.",2026-07-27 15:34:00.000000
1747,33,group-project,Meeting at 5?,2026-07-27 11:54:00.000000
1748,34,group-project,"I'm good, working on the messenger project.",2026-07-27 16:51:00.000000
1749,49,group-project,Thanks for the update!,2026-07-27 22:27:00.000000
1750,36,group-project,"Sounds good, checking now.",2026-07-27 15:23:00.000000
1751,5,dm-general,"Okay, sounds good.",2026-07-27 18:15:00.000000
1752,36,group-project,Great! Don't forget to add file sharing feature.,2026-07-27 17:03:00.000000
1753,37,dm-general,No problem 👍,2026-07-27 13:23:00.000000
1754,45,dm-general,"I'm good, working on the messenger project.",2026-07-27 22:29:00.000000
1755,38,group-project,Thanks for the update!,2026-07-27 09:40:00.000000
1756,12,group-design,"Okay, sounds good.",2026-07-27 14:06:00.000000
1757,27,group-project,Let's connect later.,2026-07-27 07:52:00.000000
1758,4,dm-general,"Sounds good, checking now.",2026-07-27 14:07:00.000000
1759,46,group-project,"Sounds good, checking now.",2026-07-27 20:05:00.000000
1760,9,group-design,"Yep, see you then.",2026-07-27 17:05:00.000000
1761,48,group-design,Great! Don't forget to add file sharing feature.,2026-07-27 14:57:00.000000
1762,28,group-project,Thanks for the update!,2026-07-27 07:43:00.000000
1763,13,group-project,"I'm good, working on the messenger project.",2026-07-28 20:22:00.000000
1764,6,group-design,Meeting at 5?,2026-07-28 19:19:00.000000
1765,31,dm-general,Can you review my PR?,2026-07-28 10:25:00.000000
1766,44,dm-general,Can you review my PR?,2026-07-28 17:12:00.000000
1767,21,dm-general,Hey! How are you?,2026-07-28 17:39:00.000000
1768,33,group-project,"I'm good, working on the messenger project.",2026-07-28 09:04:00.000000
1769,49,dm-general,Great! Don't forget to add file sharing feature.,2026-07-28 12:40:00.000000
1770,15,dm-general,Thanks for the update!,2026-07-28 14:49:00.000000
1771,37,dm-general,No problem 👍,2026-07-28 11:19:00.000000
1772,14,group-project,Great! Don't forget to add file sharing feature.,2026-07-28 16:37:00.000000
1773,37,dm-general,"Sure, I'll complete it today.",2026-07-28 13:21:00.000000
1774,20,dm-general,Meeting at 5?,2026-07-28 19:01:00.000000
1775,42,dm-general,No problem 👍,2026-07-28 17:41:00.000000
1776,37,group-project,Thanks for the update!,2026-07-28 18:49:00.000000
1777,1,dm-general,Can you review my PR?,2026-07-28 12:24:00.000000
1778,9,group-design,"Sure, I'll complete it today.",2026-07-28 08:04:00.000000
1779,9,group-design,Meeting at 5?,2026-07-28 13:08:00.000000
1780,20,group-project,"Okay, sounds good.",2026-07-28 21:01:00.000000
1781,9,dm-general,Thanks for the update!,2026-07-28 17:25:00.000000
1782,40,group-design,"Yep, see you then.",2026-07-28 14:21:00.000000
1783,3,group-design,Can you review my PR?,2026-07-28 12:23:00.000000
1784,18,group-design,"Sounds good, checking now.",2026-07-28 14:12:00.000000
1785,6,group-design,Let's connect later.,2026-07-28 21:32:00.000000
1786,37,group-design,Meeting at 5?,2026-07-28 18:27:00.000000
1787,8,dm-general,"I'm good, working on the messenger project.",2026-07-28 22:02:00.000000
1788,6,group-project,Great! Don't forget to add file sharing feature.,2026-07-28 18:07:00.000000
1789,24,group-design,"I'm good, working on the messenger project.",2026-07-28 10:44:00.000000
1790,34,group-project,"I'm good, working on the messenger project.",2026-07-28 22:09:00.000000
1791,34,dm-general,Let's connect later.,2026-07-28 13:35:00.000000
1792,27,dm-general,"Yep, see you then.",2026-07-28 11:30:00.000000
1793,24,group-project,"Sure, I'll complete it today.",2026-07-28 07:12:00.000000
1794,18,group-project,Can you review my PR?,2026-07-28 15:56:00.000000
1795,21,group-project,"Sure, I'll complete it today.",2026-07-28 13:32:00.000000
1796,45,dm-general,"Yep, see you then.",2026-07-28 11:40:00.000000
1797,46,dm-general,"Sounds good, checking now.",2026-07-28 19:42:00.000000
1798,37,dm-general,"Yep, see you then.",2026-07-28 08:03:00.000000
1799,29,group-project,"Sounds good, checking now.",2026-07-28 07:32:00.000000
1800,35,group-design,No problem 👍,2026-07-28 09:08:00.000000
1801,15,group-design,"Yep, see you then.",2026-07-28 09:17:00.000000
1802,47,group-project,"Sure, I'll complete it today.",2026-07-28 17:12:00.000000
1803,8,dm-general,"Okay, sounds good.",2026-07-28 17:36:00.000000
1804,28,group-design,Thanks for the update!,2026-07-28 18:16:00.000000
1805,36,group-project,Thanks for the update!,2026-07-28 15:49:00.000000
1806,49,group-design,Great! Don't forget to add file sharing feature.,2026-07-28 21:27:00.000000
1807,40,group-project,Meeting at 5?,2026-07-28 22:12:00.000000
1808,38,group-design,No problem 👍,2026-07-28 13:08:00.000000
1809,13,group-project,Let's connect later.,2026-07-28 08:36:00.000000
1810,34,group-design,Great! Don't forget to add file sharing feature.,2026-07-28 14:11:00.000000
1811,31,group-design,Hey! How are you?,2026-07-28 13:56:00.000000
1812,7,group-project,Let's connect later.,2026-07-28 08:05:00.000000
1813,45,group-design,"Sure, I'll complete it today.",2026-07-28 21:04:00.000000
1814,13,group-project,"Sounds good, checking now.",2026-07-28 09:56:00.000000
1815,43,group-design,"I'm good, working on the messenger project.",2026-07-28 13:28:00.000000
1816,28,group-design,No problem 👍,2026-07-28 20:14:00.000000
1817,44,dm-general,"Okay, sounds good.",2026-07-28 16:47:00.000000
1818,27,group-design,"Okay, sounds good.",2026-07-28 07:36:00.000000
1819,33,group-design,No problem 👍,2026-07-28 18:54:00.000000
1820,37,dm-general,"Sure, I'll complete it today.",2026-07-28 15:32:00.000000
1821,40,group-project,"I'm good, working on the messenger project.",2026-07-28 15:08:00.000000
1822,3,group-design,Great! Don't forget to add file sharing feature.,2026-07-28 13:22:00.000000
1823,42,dm-general,Hey! How are you?,2026-07-28 12:23:00.000000
1824,29,group-design,"Sure, I'll complete it today.",2026-07-28 18:12:00.000000
1825,33,group-design,Hey! How are you?,2026-07-28 19:03:00.000000
1826,9,group-project,"Sounds good, checking now.",2026-07-28 11:20:00.000000
1827,47,group-design,Hey! How are you?,2026-07-28 11:46:00.000000
1828,43,dm-general,No problem 👍,2026-07-28 19:32:00.000000
1829,44,group-design,"Sounds good, checking now.",2026-07-28 17:35:00.000000
1830,44,dm-general,No problem 👍,2026-07-28 18:21:00.000000
1831,29,group-project,"Sure, I'll complete it today.",2026-07-28 14:40:00.000000
1832,34,group-project,Hey! How are you?,2026-07-28 14:19:00.000000
1833,22,group-project,Meeting at 5?,2026-07-28 20:53:00.000000
1834,18,group-project,"I'm good, working on the messenger project.",2026-07-28 18:10:00.000000
1835,39,group-design,No problem 👍,2026-07-28 19:34:00.000000
1836,43,dm-general,"Sure, I'll complete it today.",2026-07-28 09:45:00.000000
1837,46,group-design,Hey! How are you?,2026-07-28 11:03:00.000000
1838,44,dm-general,"Okay, sounds good.",2026-07-28 08:36:00.000000
1839,23,group-design,Great! Don't forget to add file sharing feature.,2026-07-28 09:25:00.000000
1840,27,group-project,"I'm good, working on the messenger project.",2026-07-28 13:20:00.000000
1841,28,group-project,"Sure, I'll complete it today.",2026-07-28 07:00:00.000000
1842,5,dm-general,"I'm good, working on the messenger project.",2026-07-28 22:47:00.000000
1843,19,group-design,No problem 👍,2026-07-28 18:42:00.000000
1844,28,group-design,Let's connect later.,2026-07-28 21:20:00.000000
1845,7,group-design,No problem 👍,2026-07-28 17:48:00.000000
1846,13,group-project,Great! Don't forget to add file sharing feature.,2026-07-28 10:41:00.000000
1847,14,group-project,"I'm good, working on the messenger project.",2026-07-28 20:11:00.000000
1848,35,group-design,Let's connect later.,2026-07-28 18:36:00.000000
1849,41,group-project,"Sure, I'll complete it today.",2026-07-28 11:18:00.000000
1850,9,dm-general,"Sounds good, checking now.",2026-07-28 12:00:00.000000
1851,24,group-project,"Okay, sounds good.",2026-07-28 16:18:00.000000
1852,33,dm-general,"I'm good, working on the messenger project.",2026-07-28 18:22:00.000000
1853,5,dm-general,"Sounds good, checking now.",2026-07-28 10:31:00.000000
1854,23,dm-general,Can you review my PR?,2026-07-28 12:03:00.000000
1855,45,dm-general,Great! Don't forget to add file sharing feature.,2026-07-28 18:46:00.000000
1856,23,dm-general,Hey! How are you?,2026-07-28 20:10:00.000000
1857,31,group-design,Meeting at 5?,2026-07-28 12:11:00.000000
1858,36,group-project,Great! Don't forget to add file sharing feature.,2026-07-28 14:06:00.000000
1859,43,dm-general,Great! Don't forget to add file sharing feature.,2026-07-28 18:47:00.000000
1860,23,dm-general,Thanks for the update!,2026-07-28 16:45:00.000000
1861,44,dm-general,Hey! How are you?,2026-07-28 09:00:00.000000
1862,23,dm-general,"I'm good, working on the messenger project.",2026-07-28 19:30:00.000000
1863,12,group-project,Can you review my PR?,2026-07-28 12:44:00.000000
1864,45,group-design,Great! Don't forget to add file sharing feature.,2026-07-28 17:09:00.000000
1865,10,group-project,"Sure, I'll complete it today.",2026-07-28 19:43:00.000000
1866,29,group-project,"I'm good, working on the messenger project.",2026-07-28 21:36:00.000000
1867,16,dm-general,Great! Don't forget to add file sharing feature.,2026-07-28 19:00:00.000000
1868,3,dm-general,"Sounds good, checking now.",2026-07-28 11:02:00.000000
1869,1,group-project,Can you review my PR?,2026-07-28 10:02:00.000000
1870,24,group-design,Meeting at 5?,2026-07-28 17:19:00.000000
1871,8,group-project,No problem 👍,2026-07-29 18:02:00.000000
1872,39,group-design,"Sounds good, checking now.",2026-07-29 11:01:00.000000
1873,28,group-design,"Sounds good, checking now.",2026-07-29 12:48:00.000000
1874,47,dm-general,No problem 👍,2026-07-29 12:59:00.000000
1875,18,dm-general,Thanks for the update!,2026-07-29 22:55:00.000000
1876,26,dm-general,Can you review my PR?,2026-07-29 11:30:00.000000
1877,8,group-design,"Sounds good, checking now.",2026-07-29 10:58:00.000000
1878,11,group-project,Meeting at 5?,2026-07-29 22:15:00.000000
1879,13,dm-general,Can you review my PR?,2026-07-29 18:22:00.000000
1880,11,group-design,Thanks for the update!,2026-07-29 18:36:00.000000
1881,4,dm-general,"Okay, sounds good.",2026-07-29 21:22:00.000000
1882,3,group-design,Let's connect later.,2026-07-29 22:01:00.000000
1883,6,group-design,Thanks for the update!,2026-07-29 07:08:00.000000
1884,5,dm-general,"Sure, I'll complete it today.",2026-07-29 14:37:00.000000
1885,35,group-design,"Okay, sounds good.",2026-07-29 10:45:00.000000
1886,1,group-design,Meeting at 5?,2026-07-29 20:52:00.000000
1887,43,group-project,"Okay, sounds good.",2026-07-29 21:38:00.000000
1888,31,dm-general,Let's connect later.,2026-07-29 17:28:00.000000
1889,8,group-design,Great! Don't forget to add file sharing feature.,2026-07-29 16:02:00.000000
1890,7,group-design,"Sounds good, checking now.",2026-07-29 11:45:00.000000
1891,3,group-project,"Sounds good, checking now.",2026-07-29 12:30:00.000000
1892,31,group-design,"I'm good, working on the messenger project.",2026-07-29 21:36:00.000000
1893,31,group-design,Thanks for the update!,2026-07-29 17:15:00.000000
1894,34,dm-general,Let's connect later.,2026-07-29 07:11:00.000000
1895,49,group-project,"I'm good, working on the messenger project.",2026-07-29 19:03:00.000000
1896,10,dm-general,"Yep, see you then.",2026-07-29 13:34:00.000000
1897,11,group-design,Great! Don't forget to add file sharing feature.,2026-07-29 15:07:00.000000
1898,4,dm-general,"Yep, see you then.",2026-07-29 12:01:00.000000
1899,30,group-project,"Yep, see you then.",2026-07-29 11:32:00.000000
1900,35,group-design,"Sounds good, checking now.",2026-07-29 10:11:00.000000
1901,2,group-project,Hey! How are you?,2026-07-29 13:40:00.000000
1902,46,dm-general,"Sure, I'll complete it today.",2026-07-29 18:15:00.000000
1903,10,dm-general,Thanks for the update!,2026-07-29 10:59:00.000000
1904,1,dm-general,"Sounds good, checking now.",2026-07-29 09:06:00.000000
1905,23,dm-general,Hey! How are you?,2026-07-29 10:07:00.000000
1906,45,group-project,Hey! How are you?,2026-07-29 09:47:00.000000
1907,49,group-project,"Sure, I'll complete it today.",2026-07-29 14:22:00.000000
1908,27,dm-general,"Okay, sounds good.",2026-07-29 12:10:00.000000
1909,10,group-project,"I'm good, working on the messenger project.",2026-07-29 15:40:00.000000
1910,5,group-project,"Yep, see you then.",2026-07-29 15:58:00.000000
1911,14,group-project,Can you review my PR?,2026-07-29 10:04:00.000000
1912,22,group-design,Meeting at 5?,2026-07-29 21:35:00.000000
1913,22,group-design,Hey! How are you?,2026-07-29 07:44:00.000000
1914,28,group-design,"Okay, sounds good.",2026-07-29 09:52:00.000000
1915,18,dm-general,Let's connect later.,2026-07-29 08:58:00.000000
1916,3,dm-general,Great! Don't forget to add file sharing feature.,2026-07-29 22:58:00.000000
1917,8,group-project,Hey! How are you?,2026-07-29 10:54:00.000000
1918,48,dm-general,"I'm good, working on the messenger project.",2026-07-29 15:53:00.000000
1919,16,group-design,"Sure, I'll complete it today.",2026-07-29 22:21:00.000000
1920,11,group-design,"Yep, see you then.",2026-07-29 07:17:00.000000
1921,2,group-design,"I'm good, working on the messenger project.",2026-07-29 22:55:00.000000
1922,14,dm-general,Meeting at 5?,2026-07-29 22:25:00.000000
1923,38,group-project,No problem 👍,2026-07-29 07:25:00.000000
1924,31,group-design,"Sounds good, checking now.",2026-07-29 09:28:00.000000
1925,24,dm-general,Meeting at 5?,2026-07-29 12:20:00.000000
1926,42,group-design,Let's connect later.,2026-07-29 22:24:00.000000
1927,2,group-project,Hey! How are you?,2026-07-29 13:23:00.000000
1928,27,group-project,"Okay, sounds good.",2026-07-29 21:03:00.000000
1929,33,dm-general,"I'm good, working on the messenger project.",2026-07-29 13:19:00.000000
1930,1,group-project,"Sure, I'll complete it today.",2026-07-29 11:50:00.000000
1931,35,group-project,Can you review my PR?,2026-07-29 09:20:00.000000
1932,12,dm-general,"I'm good, working on the messenger project.",2026-07-29 12:44:00.000000
1933,43,group-project,Can you review my PR?,2026-07-29 11:28:00.000000
1934,48,dm-general,"Okay, sounds good.",2026-07-29 13:52:00.000000
1935,45,group-project,No problem 👍,2026-07-29 08:51:00.000000
1936,34,dm-general,Meeting at 5?,2026-07-29 15:18:00.000000
1937,5,group-design,Great! Don't forget to add file sharing feature.,2026-07-29 17:49:00.000000
1938,26,dm-general,"Sounds good, checking now.",2026-07-29 20:42:00.000000
1939,6,group-project,Thanks for the update!,2026-07-29 07:16:00.000000
1940,29,group-project,Let's connect later.,2026-07-29 14:02:00.000000
1941,21,dm-general,No problem 👍,2026-07-29 14:38:00.000000
1942,20,group-project,"Okay, sounds good.",2026-07-29 22:17:00.000000
1943,34,dm-general,"Sounds good, checking now.",2026-07-29 19:43:00.000000
1944,4,group-design,Can you review my PR?,2026-07-29 07:56:00.000000
1945,41,dm-general,Hey! How are you?,2026-07-29 18:32:00.000000
1946,3,group-project,"Yep, see you then.",2026-07-29 07:03:00.000000
1947,32,group-project,Meeting at 5?,2026-07-29 12:41:00.000000
1948,43,group-project,Let's connect later.,2026-07-29 22:45:00.000000
1949,28,group-project,"Okay, sounds good.",2026-07-29 10:09:00.000000
1950,41,group-project,Thanks for the update!,2026-07-29 20:25:00.000000
1951,13,dm-general,Great! Don't forget to add file sharing feature.,2026-07-29 21:06:00.000000
1952,13,dm-general,"Sounds good, checking now.",2026-07-29 20:56:00.000000
1953,3,dm-general,Thanks for the update!,2026-07-29 18:50:00.000000
1954,14,group-project,"Sounds good, checking now.",2026-07-29 18:05:00.000000
1955,22,group-project,No problem 👍,2026-07-29 10:33:00.000000
1956,2,group-project,Thanks for the update!,2026-07-29 18:47:00.000000
1957,24,dm-general,"Sure, I'll complete it today.",2026-07-29 07:13:00.000000
1958,45,group-project,"Okay, sounds good.",2026-07-29 12:25:00.000000
1959,21,group-design,Hey! How are you?,2026-07-29 09:10:00.000000
1960,10,dm-general,No problem 👍,2026-07-29 13:44:00.000000
1961,34,dm-general,"Okay, sounds good.",2026-07-29 15:55:00.000000
1962,28,group-project,Let's connect later.,2026-07-29 21:23:00.000000
1963,18,dm-general,Can you review my PR?,2026-07-29 08:08:00.000000
1964,34,group-project,Meeting at 5?,2026-07-29 07:10:00.000000
1965,46,group-project,No problem 👍,2026-07-29 10:28:00.000000
1966,39,group-project,Great! Don't forget to add file sharing feature.,2026-07-29 08:02:00.000000
1967,10,dm-general,Can you review my PR?,2026-07-29 15:45:00.000000
1968,47,group-project,Great! Don't forget to add file sharing feature.,2026-07-29 22:08:00.000000
1969,18,group-design,"Yep, see you then.",2026-07-29 22:43:00.000000
1970,12,dm-general,"Sure, I'll complete it today.",2026-07-29 09:53:00.000000
1971,17,dm-general,Hey! How are you?,2026-07-29 22:20:00.000000
1972,17,dm-general,Thanks for the update!,2026-07-29 21:09:00.000000
1973,37,dm-general,Can you review my PR?,2026-07-29 12:04:00.000000
1974,33,dm-general,"Okay, sounds good.",2026-07-29 21:41:00.000000
1975,46,group-project,Hey! How are you?,2026-07-29 19:29:00.000000
1976,48,group-design,Hey! How are you?,2026-07-29 20:39:00.000000
1977,42,group-project,Great! Don't forget to add file sharing feature.,2026-07-29 15:15:00.000000
1978,22,dm-general,"Yep, see you then.",2026-07-29 11:02:00.000000
1979,48,group-project,Can you review my PR?,2026-07-29 16:58:00.000000
1980,25,group-design,"Sounds good, checking now.",2026-07-29 11:25:00.000000
1981,1,group-design,Hey! How are you?,2026-07-29 07:39:00.000000
1982,8,dm-general,"Sure, I'll complete it today.",2026-07-29 21:35:00.000000
1983,7,group-design,No problem 👍,2026-07-29 15:37:00.000000
1984,16,group-project,"Yep, see you then.",2026-07-30 17:17:00.000000
1985,3,group-design,Can you review my PR?,2026-07-30 07:34:00.000000
1986,6,dm-general,Thanks for the update!,2026-07-30 12:13:00.000000
1987,45,group-design,"I'm good, working on the messenger project.",2026-07-30 14:43:00.000000
1988,4,group-project,Meeting at 5?,2026-07-30 20:12:00.000000
1989,40,group-design,No problem 👍,2026-07-30 08:51:00.000000
1990,41,dm-general,"Sure, I'll complete it today.",2026-07-30 07:17:00.000000
1991,10,dm-general,Can you review my PR?,2026-07-30 12:15:00.000000
1992,32,dm-general,Meeting at 5?,2026-07-30 21:36:00.000000
1993,1,group-project,Can you review my PR?,2026-07-30 15:51:00.000000
1994,49,dm-general,"Okay, sounds good.",2026-07-30 13:31:00.000000
1995,26,group-project,Can you review my PR?,2026-07-30 11:50:00.000000
1996,35,dm-general,"Okay, sounds good.",2026-07-30 10:05:00.000000
1997,40,group-project,Thanks for the update!,2026-07-30 20:10:00.000000
1998,34,dm-general,Great! Don't forget to add file sharing feature.,2026-07-30 20:16:00.000000
1999,18,group-project,"Yep, see you then.",2026-07-30 09:34:00.000000
2000,28,group-project,No problem 👍,2026-07-30 12:23:00.000000
2001,6,group-project,Great! Don't forget to add file sharing feature.,2026-07-30 22:34:00.000000
2002,21,dm-general,"Sounds good, checking now.",2026-07-30 08:32:00.000000
2003,22,dm-general,Hey! How are you?,2026-07-30 19:15:00.000000
2004,49,group-project,"Sounds good, checking now.",2026-07-30 18:20:00.000000
2005,35,group-project,Let's connect later.,2026-07-30 15:44:00.000000
2006,22,group-design,Meeting at 5?,2026-07-30 17:30:00.000000
2007,37,dm-general,Hey! How are you?,2026-07-30 22:25:00.000000
2008,50,group-design,Hey! How are you?,2026-07-30 12:21:00.000000
2009,27,dm-general,"Sure, I'll complete it today.",2026-07-30 07:02:00.000000
2010,13,group-design,Hey! How are you?,2026-07-30 11:21:00.000000
2011,1,dm-general,"I'm good, working on the messenger project.",2026-07-30 13:02:00.000000
2012,24,dm-general,No problem 👍,2026-07-30 11:40:00.000000
2013,36,group-design,"Okay, sounds good.",2026-07-30 14:21:00.000000
2014,19,dm-general,Let's connect later.,2026-07-30 16:16:00.000000
2015,33,dm-general,"Sure, I'll complete it today.",2026-07-30 14:50:00.000000
2016,50,dm-general,"Sure, I'll complete it today.",2026-07-30 22:38:00.000000
2017,7,dm-general,"Sure, I'll complete it today.",2026-07-30 12:25:00.000000
2018,38,group-design,Let's connect later.,2026-07-30 13:28:00.000000
2019,38,group-design,"Yep, see you then.",2026-07-30 16:13:00.000000
2020,46,dm-general,"Sounds good, checking now.",2026-07-30 12:30:00.000000
2021,5,group-project,Meeting at 5?,2026-07-30 19:46:00.000000
2022,50,group-project,"Sure, I'll complete it today.",2026-07-30 14:26:00.000000
2023,30,group-design,Let's connect later.,2026-07-30 09:05:00.000000
2024,1,dm-general,"Yep, see you then.",2026-07-30 16:02:00.000000
2025,6,group-design,Thanks for the update!,2026-07-30 15:26:00.000000
2026,25,dm-general,"I'm good, working on the messenger project.",2026-07-30 11:49:00.000000
2027,48,group-project,Let's connect later.,2026-07-30 13:02:00.000000
2028,30,group-project,No problem 👍,2026-07-30 10:53:00.000000
2029,15,group-project,"Sure, I'll complete it today.",2026-07-30 12:09:00.000000
2030,45,group-project,Can you review my PR?,2026-07-30 20:24:00.000000
2031,14,group-project,No problem 👍,2026-07-30 09:15:00.000000
2032,33,group-design,"Okay, sounds good.",2026-07-30 07:32:00.000000
2033,21,group-project,Can you review my PR?,2026-07-30 08:56:00.000000
2034,11,group-project,Let's connect later.,2026-07-30 11:01:00.000000
2035,46,group-design,Meeting at 5?,2026-07-30 11:02:00.000000
2036,24,group-project,Can you review my PR?,2026-07-30 18:57:00.000000
2037,16,dm-general,Hey! How are you?,2026-07-30 08:29:00.000000
2038,15,group-design,Thanks for the update!,2026-07-30 22:24:00.000000
2039,34,group-project,Great! Don't forget to add file sharing feature.,2026-07-30 12:07:00.000000
2040,2,group-project,Thanks for the update!,2026-07-30 08:37:00.000000
2041,46,group-project,Great! Don't forget to add file sharing feature.,2026-07-30 18:15:00.000000
2042,42,dm-general,"Yep, see you then.",2026-07-30 09:31:00.000000
2043,39,group-project,"Yep, see you then.",2026-07-30 13:07:00.000000
2044,33,group-project,Hey! How are you?,2026-07-30 22:15:00.000000
2045,15,group-design,"Sounds good, checking now.",2026-07-30 20:05:00.000000
2046,47,dm-general,"Sure, I'll complete it today.",2026-07-30 13:20:00.000000
2047,22,group-project,Meeting at 5?,2026-07-30 21:16:00.000000
2048,22,dm-general,"I'm good, working on the messenger project.",2026-07-30 07:32:00.000000
2049,20,dm-general,"I'm good, working on the messenger project.",2026-07-30 09:46:00.000000
2050,17,dm-general,Meeting at 5?,2026-07-30 11:12:00.000000
2051,3,group-project,Let's connect later.,2026-07-30 07:32:00.000000
2052,3,group-design,"I'm good, working on the messenger project.",2026-07-30 09:30:00.000000
2053,17,group-design,Great! Don't forget to add file sharing feature.,2026-07-30 08:11:00.000000
2054,18,dm-general,Great! Don't forget to add file sharing feature.,2026-07-30 22:33:00.000000
2055,9,group-design,"Okay, sounds good.",2026-07-30 18:22:00.000000
2056,31,group-project,Meeting at 5?,2026-07-30 18:50:00.000000
2057,41,dm-general,Thanks for the update!,2026-07-30 11:43:00.000000
2058,36,dm-general,Meeting at 5?,2026-07-30 18:45:00.000000
2059,37,group-design,"I'm good, working on the messenger project.",2026-07-30 11:27:00.000000
2060,44,group-design,Can you review my PR?,2026-07-30 15:56:00.000000
2061,47,group-design,Let's connect later.,2026-07-30 12:42:00.000000
2062,37,group-project,"I'm good, working on the messenger project.",2026-07-30 12:01:00.000000
2063,27,group-project,Let's connect later.,2026-07-30 10:50:00.000000
2064,20,group-design,"I'm good, working on the messenger project.",2026-07-30 16:52:00.000000
2065,11,group-design,Thanks for the update!,2026-07-30 14:20:00.000000
2066,45,group-design,Great! Don't forget to add file sharing feature.,2026-07-30 09:59:00.000000
2067,25,group-project,"Okay, sounds good.",2026-07-30 10:16:00.000000
2068,27,group-design,Great! Don't forget to add file sharing feature.,2026-07-30 13:48:00.000000
2069,45,dm-general,Can you review my PR?,2026-07-30 07:46:00.000000
2070,37,group-project,"Okay, sounds good.",2026-07-30 12:57:00.000000
2071,46,group-design,"Okay, sounds good.",2026-07-30 16:35:00.000000
2072,20,dm-general,Hey! How are you?,2026-07-30 17:01:00.000000
2073,20,group-design,"Sure, I'll complete it today.",2026-07-30 15:34:00.000000
2074,49,group-project,Thanks for the update!,2026-07-30 12:51:00.000000
2075,49,group-project,Thanks for the update!,2026-07-30 11:29:00.000000
2076,45,group-project,No problem 👍,2026-07-30 10:48:00.000000
2077,44,dm-general,Great! Don't forget to add file sharing feature.,2026-07-30 14:35:00.000000
2078,17,group-design,"Sure, I'll complete it today.",2026-07-30 11:26:00.000000
2079,20,group-project,"Yep, see you then.",2026-07-30 17:51:00.000000
2080,11,dm-general,Let's connect later.,2026-07-30 19:26:00.000000
2081,10,dm-general,"Yep, see you then.",2026-07-30 13:40:00.000000
2082,2,group-project,Meeting at 5?,2026-07-30 15:40:00.000000
2083,12,group-design,"Yep, see you then.",2026-07-30 17:21:00.000000
2084,31,dm-general,"Okay, sounds good.",2026-07-30 10:13:00.000000
2085,24,group-design,No problem 👍,2026-07-30 07:16:00.000000
2086,6,group-project,Great! Don't forget to add file sharing feature.,2026-07-30 16:57:00.000000
2087,8,group-project,Hey! How are you?,2026-07-30 16:20:00.000000
2088,45,group-project,Meeting at 5?,2026-07-30 21:03:00.000000
2089,41,dm-general,"I'm good, working on the messenger project.",2026-07-30 22:56:00.000000
2090,14,group-project,Meeting at 5?,2026-07-30 18:22:00.000000
2091,47,group-project,"Yep, see you then.",2026-07-30 22:33:00.000000
2092,39,dm-general,"Okay, sounds good.",2026-07-30 13:08:00.000000
2093,23,group-design,"I'm good, working on the messenger project.",2026-07-30 18:50:00.000000
